-- phpMyAdmin SQL Dump
-- version 5.2.0
-- https://www.phpmyadmin.net/
--
-- Servidor: 127.0.0.1
-- Tiempo de generación: 24-03-2023 a las 12:29:28
-- Versión del servidor: 10.4.27-MariaDB
-- Versión de PHP: 8.2.0

SET SQL_MODE = "NO_AUTO_VALUE_ON_ZERO";
START TRANSACTION;
SET time_zone = "+00:00";


/*!40101 SET @OLD_CHARACTER_SET_CLIENT=@@CHARACTER_SET_CLIENT */;
/*!40101 SET @OLD_CHARACTER_SET_RESULTS=@@CHARACTER_SET_RESULTS */;
/*!40101 SET @OLD_COLLATION_CONNECTION=@@COLLATION_CONNECTION */;
/*!40101 SET NAMES utf8mb4 */;

--
-- Base de datos: `secpla_municipalidad`
--

-- --------------------------------------------------------

--
-- Estructura de tabla para la tabla `areas_gestion`
--

CREATE TABLE `areas_gestion` (
  `id_area_gestion` int(1) NOT NULL,
  `desc_area_gestion` varchar(50) NOT NULL
) ENGINE=InnoDB DEFAULT CHARSET=utf8mb4 COLLATE=utf8mb4_general_ci;

--
-- Volcado de datos para la tabla `areas_gestion`
--

INSERT INTO `areas_gestion` (`id_area_gestion`, `desc_area_gestion`) VALUES
(1, 'Actividades Municipales'),
(2, 'Gestion interna'),
(3, 'Programas culturales'),
(4, 'Programas deportivos'),
(5, 'Programas sociales'),
(6, 'Programas comunitarios'),
(7, 'Sin area');

-- --------------------------------------------------------

--
-- Estructura de tabla para la tabla `clasificador_presupuestario`
--

CREATE TABLE `clasificador_presupuestario` (
  `id_cla_presupuestario` int(255) NOT NULL,
  `clasificacion_presu` varchar(25) NOT NULL,
  `nombre_cuenta` varchar(1000) CHARACTER SET utf8 COLLATE utf8_spanish_ci NOT NULL
) ENGINE=InnoDB DEFAULT CHARSET=utf8mb4 COLLATE=utf8mb4_general_ci;

--
-- Volcado de datos para la tabla `clasificador_presupuestario`
--

INSERT INTO `clasificador_presupuestario` (`id_cla_presupuestario`, `clasificacion_presu`, `nombre_cuenta`) VALUES
(1, '215-24-01-007-002-006', ' ADQUISICION  DE MEDIAGUAS '),
(2, '215-21-01-002-002-002', ' APORTE LEY 20.305 (POST. LABORAL)'),
(3, '215-24-01-007-002-004', ' APOYO  EQUIPAMIENTO BASICO PARA LA VIVIENDA CAMAROTES, COCINA, ESTUFAS, MOBILIARIO BASICO'),
(4, '215-24-01-007-002-005', ' APOYO A LA REPARACION  Y HABITABILIDAD DE VIVIENDAS  DE FAMILIAS DE ESCASOS RECURSOS '),
(5, '215-24-01-007-002-007', ' APOYO A PERSONAS QUE PRESENTEN PROBLEMAS DE SALUD'),
(6, '215-24-01-007-002-009', ' APOYO EN AYUDAS TECNICAS, INSUMOS HOSPITALARIOS Y CATRES CLINICOS'),
(7, '215-24-01-007-002-002', ' APOYO EN NECESIDADES EN ALIMENTACION Y GAS FAMILIAS VULNERABLES'),
(8, '215-24-01-007-002-011', ' APOYO ESCOLAR A ESCOLAR A NINOS Y ADOLESCENTES DE FAMILIAS VULNERABLES'),
(9, '215-24-01-005-002-000', ' CORPORACION DE CULTURA'),
(10, '215-24-01-005-001-000', ' CORPORACION DE DEPORTES'),
(11, '215-24-01-007-002-008', ' FINANCIAMIENTO   DE SERVICIOS FUNERARIOS  Y DERECHOS DE SEPULTACION'),
(12, '215-31-02-004-047-000', ' INSTALACION LUMINARIAS PAICAVI'),
(13, '215-31-02-004-047-001', ' INSTALACION LUMINARIAS PAICAVI'),
(14, '215-31-02-004-231-004', ' MEJ., LIMPIEZA Y SANITIZACION  DEPENDENCIAS MUN Y ESPACIOS  PUBLICOS'),
(15, '215-24-01-007-002-010', ' SERVICIO DE APOYO DE TRANSPORTE DE VECINOS A FUNERALES '),
(16, '215-24-01-007-002-003', ' SUBVENCION PARA LA ADQUISICION DE DOCUMENTOS CIVILES  Y TRASLADOS PRIORITARIOS'),
(17, '215-21-04-003-001-100', '(DAF) COMPROMISO ANO ANTERIOR'),
(18, '215-21-04-003-001-001', '(SEM) ASIGNACION 8 CONCEJALES (15.6 UTM)'),
(19, '215-24-03-101-003-000', 'A CEMENTERIOS'),
(20, '215-24-03-101-001-000', 'A EDUCACION'),
(21, '215-24-03-001-000-000', 'A LA  JUNTA NACIONAL DE AUXILIO ESCOLAR Y B ECAS'),
(22, '215-24-03-080-001-000', 'A LA ASOCIACION CHILENA DE MUNICIPALIDADES'),
(23, '215-24-03-080-000-000', 'A LAS ASOCIACIONES'),
(24, '215-24-03-002-000-000', 'A LOS SERVICIOS DE SALUD'),
(25, '215-33-03-001-000-000', 'A LOS SERVICIOS REGIONALES DE VIVIENDA Y URBANIZACION'),
(26, '215-24-07-001-000-000', 'A MERCOCIUDADES'),
(27, '215-24-07-000-000-000', 'A ORGANISMOS INTERNACIONALES'),
(28, '215-24-03-080-002-000', 'A OTRAS ASOCIACIONES'),
(29, '215-24-03-000-000-000', 'A OTRAS ENTIDADES PUBLICAS'),
(30, '215-33-03-000-000-000', 'A OTRAS ENTIDADES PUBLICAS'),
(31, '215-24-03-099-000-000', 'A OTRAS ENTIDADES PUBLICAS'),
(32, '215-33-03-099-000-000', 'A OTRAS ENTIDADES PUBLICAS'),
(33, '215-24-03-100-000-000', 'A OTRAS MUNICIPALIDADES'),
(34, '215-24-07-099-000-000', 'A OTROS ORGANISMOS INTERNACIONALES '),
(35, '215-24-03-101-002-000', 'A SALUD'),
(36, '215-21-01-002-001-000', 'A SERVICIOS DE BIENESTAR'),
(37, '215-21-02-002-001-000', 'A SERVICIOS DE BIENESTAR'),
(38, '215-24-03-101-000-000', 'A SERVICIOS INCORPORADOS A SU GESTION'),
(39, '215-22-05-007-000-000', 'ACCESO A INTERNET'),
(40, '215-30-00-000-000-000', 'ADQUISIC. DE ACTIVOS FINANCIEROS'),
(41, '215-29-00-000-000-000', 'ADQUISIC. DE ACTIVOS NO FINANCIEROS'),
(42, '215-31-02-004-037-001', 'ADQUISICION E INSTALACION DE BALIZAS PARA COLEGIOS DE LA COMUNA'),
(43, '215-22-05-002-000-000', 'AGUA'),
(44, '215-21-01-005-001-001', 'AGUINALDO DE FIESTRAS PATRIAS'),
(45, '215-21-02-005-001-001', 'AGUINALDO DE FIESTRAS PATRIAS'),
(46, '215-21-01-005-001-002', 'AGUINALDO DE NAVIDAD'),
(47, '215-21-02-005-001-002', 'AGUINALDO DE NAVIDAD'),
(48, '215-21-01-005-001-000', 'AGUINALDOS'),
(49, '215-21-02-005-001-000', 'AGUINALDOS'),
(50, '215-21-01-005-000-000', 'AGUINALDOS Y BONOS'),
(51, '215-21-02-005-000-000', 'AGUINALDOS Y BONOS'),
(52, '215-21-03-004-004-000', 'AGUINALDOS Y BONOS'),
(53, '215-24-03-092-000-000', 'AL FONDO COMUN MUNICIPAL - MULTAS'),
(54, '215-24-03-091-000-000', 'AL FONDO COMUN MUNICIPAL - PATENTES MUNICIPALES'),
(55, '215-24-03-090-000-000', 'AL FONDO COMUN MUNICIPAL - PERMISOS DE CIRCULACION'),
(56, '215-24-01-000-000-000', 'AL SECTOR PRIVADO'),
(57, '215-33-01-000-000-000', 'AL SECTOR PRIVADO'),
(58, '215-21-02-002-001-001', 'AL SERVICIO DE BIENESTAR - PERSONAL CONTRATA'),
(59, '215-21-01-002-001-001', 'AL SERVICIOS DE BIENESTAR - PERSONAL DE PLANTA'),
(60, '215-31-02-004-035-001', 'ALARMAS COMUNITARIAS'),
(61, '215-22-01-000-000-000', 'ALIMENTOS Y BEBIDAS'),
(62, '215-21-03-007-000-000', 'ALUMNOS EN PRACTICA'),
(63, '215-21-03-007-001-000', 'ALUMNOS EN PRACTICA'),
(64, '215-34-01-000-000-000', 'AMORTIZACION DEUDA INTERNA'),
(65, '215-26-04-003-000-000', 'APLICACION COBROS JUDICIALES A FAVOR DE EMPRESAS CONCESIONARIAS'),
(66, '215-26-04-000-000-000', 'APLICACION FONDOS DE TERCEROS'),
(67, '215-26-04-999-000-000', 'APLICACION OTROS FONDOS DE TERCEROS'),
(68, '215-33-03-001-003-001', 'APORTE  10% CONSTRUCCION Y/O MEJORAMIENTO DE AREAS VERDES COMUNITARIAS, EN EL MARCO DE PROYECTOS QUE SE POSTULARAN AL DS 27 '),
(69, '215-33-03-001-003-002', 'APORTE  10% CONSTRUCCION Y/O MEJORAMIENTO DE EQUIPAMIENTO COMUNITARIO,  EN EL MARCO DE PROYECTOS QUE SE POSTULARAN AL DS 27 DURANTE '),
(70, '215-24-03-091-001-000', 'APORTE ANO VIGENTE'),
(71, '215-24-03-090-001-000', 'APORTE ANO VIGENTE - FONDO COMUN MUNICIPAL'),
(72, '215-24-03-090-002-000', 'APORTE OTROS ANOS'),
(73, '215-24-03-091-002-000', 'APORTE OTROS ANOS'),
(74, '215-21-03-004-002-001', 'APORTE PATRONAL 1.61%'),
(75, '215-31-02-004-201-005', 'APORTE PROYECTO DE REPOSICION DE VEREDAS ALMIRANTE LATORRE'),
(76, '215-21-03-004-002-002', 'APORTE SERVICIO DE BIENESTAR - VIGILANTES PRIVADOS'),
(77, '215-24-03-101-001-002', 'APORTE SERVICIO DE BIENESTAR EDUCACION'),
(78, '215-24-03-101-002-003', 'APORTE SERVICIO DE BIENESTAR-APS'),
(79, '215-24-03-101-002-002', 'APORTE SERVICIO DE BIENESTAR-SALUD'),
(80, '215-21-01-002-000-000', 'APORTES DEL EMPLEADOR'),
(81, '215-21-02-002-000-000', 'APORTES DEL EMPLEADOR'),
(82, '215-21-03-004-002-000', 'APORTES DEL EMPLEADOR'),
(83, '215-21-03-004-002-004', 'APORTES EMPLEADOR SIS VIGILANTES PRIVADOS'),
(84, '215-21-01-002-002-001', 'APORTES PATRONALES'),
(85, '215-24-01-007-004-022', 'Apoyo a la Reparacion y Habitabilidad'),
(86, '215-26-04-001-000-000', 'ARANCEL AL REGISTRO DE MULTAS DE TRANSITO NO PAGADAS'),
(87, '215-22-09-002-000-000', 'ARRIENDO DE EDIFICIOS'),
(88, '215-22-09-006-000-000', 'ARRIENDO DE EQUIPOS INFORMATICOS'),
(89, '215-22-09-005-000-000', 'ARRIENDO DE MAQUINAS Y EQUIPOS'),
(90, '215-22-09-004-000-000', 'ARRIENDO DE MOBILIARIO Y OTROS'),
(91, '215-22-09-001-000-000', 'ARRIENDO DE TERRENOS'),
(92, '215-22-09-003-000-000', 'ARRIENDO DE VEHICULOS'),
(93, '215-22-09-000-000-000', 'ARRIENDOS'),
(94, '215-21-01-001-015-000', 'ASGINACIONES SUSTITUTIVAS'),
(95, '215-21-03-999-001-000', 'ASIGNACION ART. 1, LEY N?19.464'),
(96, '215-21-01-001-009-005', 'ASIGNACION ART. 1, LEY N?19.529'),
(97, '215-21-02-001-009-005', 'ASIGNACION ART. 1, LEY N?19.529'),
(98, '215-21-01-001-025-000', 'ASIGNACION ARTICULO 1, LEY N?19.112'),
(99, '215-21-01-001-026-000', 'ASIGNACION ARTICULO 1, LEY N?19.432'),
(100, '215-21-01-004-003-000', 'ASIGNACION ARTICULO 3, LEY N?19.264'),
(101, '215-21-02-004-003-000', 'ASIGNACION ARTICULO 3, LEY N?19.264'),
(102, '215-21-02-001-028-000', 'ASIGNACION ARTICULO 7, LEY N?19.112'),
(103, '215-21-01-001-044-001', 'ASIGNACION ATENCION PRIMARIA SALUD, ARTS. 23 Y 25, LEY N? 19.378'),
(104, '215-21-01-001-002-000', 'ASIGNACION DE ANTIGUEDAD'),
(105, '215-21-02-001-002-000', 'ASIGNACION DE ANTIGUEDAD'),
(106, '215-21-01-001-002-002', 'ASIGNACION DE ANTIGUEDAD, ART.97, LETRA G), DE LA LEY N?18.883, Y LEYES N?S. 19.180 Y 19.280'),
(107, '215-21-02-001-002-002', 'ASIGNACION DE ANTIGUEDAD, ART.97, LETRA G), DE LA LEY N?18.883, Y LEYES N?S. 19.180 Y 19.280'),
(108, '215-21-01-001-044-000', 'ASIGNACION DE ATENCION PRIMARIA MUNICIPAL'),
(109, '215-21-02-001-042-000', 'ASIGNACION DE ATENCION PRIMARIA MUNICIPAL'),
(110, '215-21-01-003-002-003', 'ASIGNACION DE DESARROLLO Y ESTIMULO AL DESEMPENO COLECTIVO, LEY N?19.813'),
(111, '215-21-02-003-002-003', 'ASIGNACION DE DESARROLLO Y ESTIMULO AL DESEMPENO COLECTIVO, LEY N?19.813'),
(112, '215-21-01-004-002-000', 'ASIGNACION DE ESTIMULO JORNADAS PRIORITARIAS'),
(113, '215-21-02-004-002-000', 'ASIGNACION DE ESTIMULO JORNADAS PRIORITARIAS'),
(114, '215-21-01-001-027-000', 'ASIGNACION DE ESTIMULO PERSONAL MEDICO DIURNO'),
(115, '215-21-02-001-026-000', 'ASIGNACION DE ESTIMULO PERSONAL MEDICO DIURNO'),
(116, '215-21-01-001-028-000', 'ASIGNACION DE ESTIMULO PERSONAL MEDICO Y PROFESORES'),
(117, '215-21-02-001-027-000', 'ASIGNACION DE ESTIMULO PERSONAL MEDICO Y PROFESORES'),
(118, '215-21-02-001-029-000', 'ASIGNACION DE ESTIMULO POR FALENCIA'),
(119, '215-21-01-001-028-004', 'ASIGNACION DE ESTIMULO, ART. 14, LEY N?15.076'),
(120, '215-21-01-001-028-003', 'ASIGNACION DE ESTIMULO, ART. 65, LEY N?18.482'),
(121, '215-21-01-001-046-000', 'ASIGNACION DE EXPERIENCIA'),
(122, '215-21-02-001-044-000', 'ASIGNACION DE EXPERIENCIA'),
(123, '215-21-01-001-031-000', 'ASIGNACION DE EXPERIENCIA CALIFICADA'),
(124, '215-21-02-001-030-000', 'ASIGNACION DE EXPERIENCIA CALIFICADA'),
(125, '215-21-01-003-003-002', 'ASIGNACION DE INCENTIVO POR GESTION JURISDICCIONAL, ART. 2, LEY N?20.008'),
(126, '215-21-01-003-001-001', 'ASIGNACION DE MEJORAMIENTO DE LA GESTION MUNICIPAL, ART. 1, LEY N?20.008'),
(127, '215-21-01-003-002-001', 'ASIGNACION DE MEJORAMIENTO DE LA GESTION MUNICIPAL, ART. 1, LEY N?20.008'),
(128, '215-21-01-003-003-001', 'ASIGNACION DE MEJORAMIENTO DE LA GESTION MUNICIPAL, ART. 1, LEY N?20.008'),
(129, '215-21-02-003-001-001', 'ASIGNACION DE MEJORAMIENTO DE LA GESTION MUNICIPAL, ART. 1, LEY N?20.008'),
(130, '215-21-02-003-002-001', 'ASIGNACION DE MEJORAMIENTO DE LA GESTION MUNICIPAL, ART. 1, LEY N?20.008'),
(131, '215-21-02-003-003-001', 'ASIGNACION DE MEJORAMIENTO DE LA GESTION MUNICIPAL, ART. 1, LEY N?20.008'),
(132, '215-21-02-003-003-004', 'ASIGNACION DE MERITO, ART. 30 DE LA LEY N?19.378, AGREGA LEY  N?19.607'),
(133, '215-21-01-001-011-000', 'ASIGNACION DE MOVILIZACION'),
(134, '215-21-02-001-011-000', 'ASIGNACION DE MOVILIZACION'),
(135, '215-21-01-001-011-001', 'ASIGNACION DE MOVILIZACION, ART. 97, LETRA B), LEY N?18.883'),
(136, '215-21-02-001-011-001', 'ASIGNACION DE MOVILIZACION, ART. 97, LETRA B), LEY N?18.883'),
(137, '215-21-01-001-008-000', 'ASIGNACION DE NIVELACION'),
(138, '215-21-02-001-008-000', 'ASIGNACION DE NIVELACION'),
(139, '215-21-01-001-010-000', 'ASIGNACION DE PERDIDA DE CAJA'),
(140, '215-21-02-001-010-000', 'ASIGNACION DE PERDIDA DE CAJA'),
(141, '215-21-01-001-048-000', 'ASIGNACION DE RECONOCIMIENTO POR DOCENCIA EN ESTABLECIMIENTOS DE ALTA CONCENTRACION DE ALUMNOS PRIORITARIOS'),
(142, '215-21-02-001-046-000', 'ASIGNACION DE RECONOCIMIENTO POR DOCENCIA EN ESTABLECIMIENTOS DE ALTA CONCENTRACION DE ALUMNOS PRIORITARIOS'),
(143, '215-21-01-001-032-000', 'ASIGNACION DE REFORZAMIENTO PROFESIONAL DIURNO'),
(144, '215-21-02-001-031-000', 'ASIGNACION DE REFORZAMIENTO PROFESIONAL DIURNO'),
(145, '215-21-01-001-019-000', 'ASIGNACION DE RESPONSABILIDAD'),
(146, '215-21-02-001-018-000', 'ASIGNACION DE RESPONSABILIDAD'),
(147, '215-21-01-001-019-002', 'ASIGNACION DE RESPONSABILIDAD DIRECTIVA'),
(148, '215-21-02-001-018-001', 'ASIGNACION DE RESPONSABILIDAD DIRECTIVA'),
(149, '215-21-01-001-049-000', 'ASIGNACION DE RESPONSABILIDAD DIRECTIVA Y ASIGNACION TECNICO PEDAGOGICA   '),
(150, '215-21-01-001-019-001', 'ASIGNACION DE RESPONSABILIDAD JUDICIAL, ART. 2?,  LEY N? 20.008'),
(151, '215-21-01-001-049-002', 'ASIGNACION DE RESPONSABILIDAD TECNICO PEDAGOGICA'),
(152, '215-21-01-001-019-004', 'ASIGNACION DE RESPONSABILIDAD, ART. 9, DECRETO 252 DE 1976'),
(153, '215-21-04-001-000-000', 'ASIGNACION DE TRASLADO'),
(154, '215-21-01-001-004-000', 'ASIGNACION DE ZONA'),
(155, '215-21-02-001-004-000', 'ASIGNACION DE ZONA'),
(156, '215-21-01-001-004-002', 'ASIGNACION DE ZONA, ART. 26 DE LA LEY N?19.378, Y LEY N?19.354'),
(157, '215-21-02-001-004-002', 'ASIGNACION DE ZONA, ART. 26 DE LA LEY N?19.378, Y LEY N?19.354'),
(158, '215-21-01-001-004-001', 'ASIGNACION DE ZONA, ART. 7 Y 25, D.L. N?3.551'),
(159, '215-21-02-001-004-001', 'ASIGNACION DE ZONA, ART. 7 Y 25, D.L. N?3.551'),
(160, '215-21-01-001-004-003', 'ASIGNACION DE ZONA, DECRETO N?450 DE 1974, LEY 19.354'),
(161, '215-21-01-003-003-003', 'ASIGNACION ESPECIAL DE INCENTIVO PROFESIONAL, ART. 47, LEY N? 19.070'),
(162, '215-21-02-003-003-002', 'ASIGNACION ESPECIAL DE INCENTIVO PROFESIONAL, ART. 47, LEY N? 19.070'),
(163, '215-21-01-001-025-001', 'ASIGNACION ESPECIAL PROFESIONALES LEY N?15.076, LETRA A), ART. 1, LEY N?19.112'),
(164, '215-21-01-001-025-002', 'ASIGNACION ESPECIAL PROFESIONALES LEY N?15.076, LETRA B), ART. 1, LEY N?19.112'),
(165, '215-21-01-001-009-007', 'ASIGNACION ESPECIAL TRANSITORIA, ART. 45, LEY N?19.378'),
(166, '215-21-02-001-009-007', 'ASIGNACION ESPECIAL TRANSITORIA, ART. 45, LEY N?19.378'),
(167, '215-21-01-001-043-000', 'ASIGNACION INHERENTE AL CARGO LEY N? 18.695'),
(168, '215-21-01-001-043-001', 'ASIGNACION INHERENTE AL CARGO LEY N? 18.695'),
(169, '215-21-01-001-007-001', 'ASIGNACION MUNICIPAL, ART.24 Y 31 D.L. N?3.551 DE 1981'),
(170, '215-21-02-001-007-001', 'ASIGNACION MUNICIPAL, ART.24 Y 31 D.L. N?3.551 DE 1981'),
(171, '215-21-04-001-001-000', 'ASIGNACION POR CAMBIO DE RESIDENCIA ART. 97, LETRA C), LEY N?18.883'),
(172, '215-21-01-004-004-000', 'ASIGNACION POR DESEMPENO DE FUNCIONES CRITICAS'),
(173, '215-21-02-004-004-000', 'ASIGNACION POR DESEMPENO DE FUNCIONES CRITICAS'),
(174, '215-21-01-001-028-002', 'ASIGNACION POR DESEMPENO EN CONDICIONES DIFICILES, ART. 28, LEY N? 19.378'),
(175, '215-21-02-001-027-002', 'ASIGNACION POR DESEMPENO EN CONDICIONES DIFICILES, ART. 28, LEY N? 19.378'),
(176, '215-21-01-003-003-005', 'ASIGNACION POR MERITO, ART. 30 DE LA LEY N?19.378, AGREGA LEY N?19.607'),
(177, '215-21-02-001-010-001', 'ASIGNACION POR PEDRIDA DE CAJA, ART. 97, LETRA A), LEY N?18.883'),
(178, '215-21-01-001-010-001', 'ASIGNACION POR PERDIDA DE CAJA, ART. 97, LETRA A), LEY N?18.883'),
(179, '215-21-01-001-049-001', 'ASIGNACION POR RESPONSABILIDAD DIRECTIVA'),
(180, '215-21-02-001-047-001', 'ASIGNACION POR RESPONSABILIDAD DIRECTIVA'),
(181, '215-21-02-001-047-000', 'ASIGNACION POR RESPONSABILIDAD DIRECTIVA Y ASIGNACION DE RESPONSABILIDAD TECNICO PEDAGOGICA'),
(182, '215-21-02-001-047-002', 'ASIGNACION POR RESPONSABILIDAD TECNICO PEDAGOGICA'),
(183, '215-21-01-001-047-000', 'ASIGNACION POR TRAMO DE DESARROLLO PROFESIONAL'),
(184, '215-21-02-001-045-000', 'ASIGNACION POR TRAMO DE DESARROLLO PROFESIONAL'),
(185, '215-21-01-001-031-002', 'ASIGNACION POST-TITULO, ART. 42, LEY N? 19.378'),
(186, '215-21-02-001-030-002', 'ASIGNACION POST-TITULO, ART. 42, LEY N? 19.378'),
(187, '215-21-01-001-003-000', 'ASIGNACION PROFESIONAL'),
(188, '215-21-02-001-003-000', 'ASIGNACION PROFESIONAL'),
(189, '215-21-02-001-003-001', 'ASIGNACION PROFESIONAL '),
(190, '215-21-01-001-003-001', 'ASIGNACION PROFESIONAL, DECRETO LEY N?479 DE 1974'),
(191, '215-21-02-001-007-002', 'ASIGNACION PROTECCION IMPONIBILIDAD, ART. 15 D.L. N?3.551 DE 1981'),
(192, '215-21-01-001-007-002', 'ASIGNACION PROTECCION IMPONIBILIDAD, ART. 15, D.L. N? 3.551 DE 1981'),
(193, '215-21-01-001-037-000', 'ASIGNACION UNICA'),
(194, '215-21-02-001-036-000', 'ASIGNACION UNICA'),
(195, '215-21-02-001-014-001', 'ASIGNACION UNICA ARTICULO 4, LEY N? 18.717'),
(196, '215-21-01-001-015-001', 'ASIGNACION UNICA, ART.4, LEY N?18.717'),
(197, '215-21-01-003-002-002', 'ASIGNACION VARIABLE POR DESEMPENO COLECTIVO'),
(198, '215-21-02-003-002-002', 'ASIGNACION VARIABLE POR DESEMPENO COLECTIVO'),
(199, '215-21-01-003-003-004', 'ASIGNACION VARIABLE POR DESEMPENO INDIVIDUAL'),
(200, '215-21-02-003-003-003', 'ASIGNACION VARIABLE POR DESEMPENO INDIVIDUAL'),
(201, '215-21-01-001-038-000', 'ASIGNACION ZONAS EXTREMAS'),
(202, '215-21-02-001-037-000', 'ASIGNACION ZONAS EXTREMAS'),
(203, '215-21-01-001-014-000', 'ASIGNACIONES COMPENSATORIAS'),
(204, '215-21-02-001-013-000', 'ASIGNACIONES COMPENSATORIAS'),
(205, '215-21-02-001-007-000', 'ASIGNACIONES DEL D.L. N? 3.551, DE 1981'),
(206, '215-21-01-001-007-000', 'ASIGNACIONES DEL D.L. N? 3551, DE 1981'),
(207, '215-21-01-001-009-000', 'ASIGNACIONES ESPECIALES'),
(208, '215-21-02-001-009-000', 'ASIGNACIONES ESPECIALES'),
(209, '215-21-01-003-000-000', 'ASIGNACIONES POR DESEMPENO'),
(210, '215-21-02-003-000-000', 'ASIGNACIONES POR DESEMPENO'),
(211, '215-21-02-001-014-000', 'ASIGNACIONES SUSTITUTIVAS'),
(212, '215-24-01-007-002-001', 'ASISTENCIA  A   PERSONAS EN SITUACION DE  CALLE (ALIMENTOS, IM. HIGIENE,  FRAZADAS Y NYLON)'),
(213, '215-24-01-007-000-000', 'ASISTENCIA SOCIAL A PERSONAS NATURALES'),
(214, '215-24-01-007-004-000', 'ASISTENCIA SOCIAL PROGRAMAS SOCIALES'),
(215, '215-24-03-101-001-003', 'BIBLIOTECA'),
(216, '215-22-00-000-000-000', 'BIENES Y SERVICIOS DE CONSUMO'),
(217, '215-21-01-005-004-000', 'BONIFICACION ADICIONAL AL BONO DE ESCOLARIDAD'),
(218, '215-21-02-005-004-000', 'BONIFICACION ADICIONAL AL BONO DE ESCOLARIDAD'),
(219, '215-21-01-001-014-004', 'BONIFICACION ADICIONAL ART. 11 LEY N? 18.675'),
(220, '215-21-02-001-013-004', 'BONIFICACION ADICIONAL ART. 11 LEY N? 18.675'),
(221, '215-21-01-001-008-001', 'BONIFICACION ART. 21, LEY N? 19.429'),
(222, '215-21-02-001-008-001', 'BONIFICACION ART. 21, LEY N? 19.429'),
(223, '215-21-01-001-014-005', 'BONIFICACION ART. 3, LEY N?19.200'),
(224, '215-21-02-001-013-005', 'BONIFICACION ART. 3, LEY N?19.200'),
(225, '215-21-01-001-007-003', 'BONIFICACION ART. 39, D.L. N?3.551 DE 1981'),
(226, '215-21-01-001-014-002', 'BONIFICACION COMPENSATORIA DE SALUD, ART. 3, LEY N?18.566'),
(227, '215-21-02-001-013-002', 'BONIFICACION COMPENSATORIA DE SALUD, ART. 3, LEY N?18.566'),
(228, '215-21-01-001-014-003', 'BONIFICACION COMPENSATORIA, ART.10, LEY N?18.675'),
(229, '215-21-02-001-013-003', 'BONIFICACION COMPENSATORIA, ART.10, LEY N?18.675'),
(230, '215-21-02-001-049-000', 'BONIFICACION DE EXCELENCIA ACADEMICA'),
(231, '215-21-01-001-009-004', 'BONIFICACION ESPECIAL PROFESORES ENCARGADOS DE ESCUELAS RURALES, ART. 13, LEY N? 19.715'),
(232, '215-21-02-001-009-004', 'BONIFICACION ESPECIAL PROFESORES ENCARGADOS DE ESCUELAS RURALES, ART. 13, LEY N? 19.715'),
(233, '215-21-01-003-001-002', 'BONIFICACION EXCELENCIA'),
(234, '215-21-02-003-001-002', 'BONIFICACION EXCELENCIA'),
(235, '215-21-01-001-051-000', 'BONIFICACION POR EXCELENCIA ACADEMICA'),
(236, '215-21-01-001-050-000', 'BONIFICACION POR RECONOCIMIENTO PROFESIONAL'),
(237, '215-21-02-001-048-000', 'BONIFICACION POR RECONOCIMIENTO PROFESIONAL'),
(238, '215-21-01-001-014-006', 'BONIFICACION PREVISIONAL, ART. 19, LEY N?15.386'),
(239, '215-21-02-001-013-006', 'BONIFICACION PREVISIONAL, ART. 19, LEY N?15.386'),
(240, '215-21-01-001-009-003', 'BONIFICACION PROPORCIONAL ART. 8, LEY N? 19.410'),
(241, '215-21-02-001-009-003', 'BONIFICACION PROPORCIONAL ART. 8, LEY N? 19.410'),
(242, '215-21-03-004-004-003', 'BONO ADICIONAL MEDICO GABINETE PSICOTECNICO'),
(243, '215-21-02-001-999-001', 'BONO APORTE MAXIMO ART. 46 LEY 21.196 '),
(244, '215-21-01-001-999-001', 'BONO APORTE MAXIMO ART. 46 LEY 21196'),
(245, '215-21-01-005-002-000', 'BONO DE ESCOLARIDAD'),
(246, '215-21-02-005-002-000', 'BONO DE ESCOLARIDAD'),
(247, '215-21-02-005-002-001', 'BONO DE ESCOLARIDAD'),
(248, '215-21-01-005-002-001', 'BONO DE ESCOLARIDAD - GESTION'),
(249, '215-21-03-004-004-001', 'BONO DE INCENTIVO'),
(250, '215-21-03-004-004-004', 'BONO DE RIESGO VIGILANTES PRIVADOS'),
(251, '215-21-01-005-003-001', 'BONO EXTRAORDINARIO ANUAL'),
(252, '215-21-02-005-003-001', 'BONO EXTRAORDINARIO ANUAL'),
(253, '215-21-03-007-001-002', 'BONO PARA LOCOMOCION Y COLACION ALUMNOS EN PRACTICA'),
(254, '215-21-01-005-003-000', 'BONOS ESPECIALES'),
(255, '215-21-02-005-003-000', 'BONOS ESPECIALES'),
(256, '215-30-01-004-000-000', 'BONOS O PAGARES'),
(257, '215-21-03-004-004-005', 'BONOS PARA JEFES DE TURNO VIGILANTES'),
(258, '215-21-03-004-004-002', 'BONOS Y AGUINALDOS'),
(259, '215-25-00-000-000-000', 'C X P INTEGROS AL FISCO'),
(260, '215-22-02-003-000-000', 'CALZADO'),
(261, '215-22-03-000-000-000', 'COMBUSTIBLES Y LUBRICANTES'),
(262, '215-21-04-003-002-001', 'COMISIONES DE SERVICIOS 8 CONCEJALES'),
(263, '215-21-01-004-007-000', 'COMISIONES DE SERVICIOS EN EL EXTERIOR'),
(264, '215-21-02-004-007-000', 'COMISIONES DE SERVICIOS EN EL EXTERIOR'),
(265, '215-21-01-004-006-000', 'COMISIONES DE SERVICIOS EN EL PAIS'),
(266, '215-21-02-004-006-000', 'COMISIONES DE SERVICIOS EN EL PAIS'),
(267, '215-26-02-000-000-000', 'COMPENSACION POR DANOS A TERCERO Y/O A LA PROPIEDAD'),
(268, '215-26-02-002-000-000', 'COMPENSACIONES POR DANOS A TERCEROS Y/O A LA PROPIEDAD'),
(269, '215-31-02-004-013-000', 'COMPLEMENTACION DE EQUIPAMIENTO COMUNITARIO'),
(270, '215-31-02-004-013-001', 'COMPLEMENTACION DE EQUIPAMIENTO COMUNITARIO'),
(271, '215-31-02-004-042-000', 'COMPLEMENTO DE OBRAS PARA POLIDEPORTIVO OBRAS MITIGACION MULTICANCHA INTERIOR'),
(272, '215-31-02-004-042-001', 'COMPLEMENTO DE OBRAS PARA POLIDEPORTIVO OBRAS MITIGACION MULTICANCHA INTERIOR'),
(273, '215-21-01-001-004-004', 'COMPLEMENTO DE ZONA'),
(274, '215-21-02-001-004-003', 'COMPLEMENTO DE ZONA'),
(275, '215-21-01-001-022-000', 'COMPONENTE BASE ASIGNACION DE DESEMPENO'),
(276, '215-21-02-001-021-000', 'COMPONENTE BASE ASIGNACION DE DESEMPENO'),
(277, '215-21-02-001-021-001', 'COMPONENTE BASE ASIGNACION DE DESEMPENO (PERSONAL A CONTRATA)'),
(278, '215-21-01-001-022-001', 'COMPONENTE BASE ASIGNACION DE DESEMPENO (PERSONAL DE PLANTA)'),
(279, '215-30-02-000-000-000', 'COMPRA DE ACCIONES Y PARTIC. DE CAPITAL'),
(280, '215-30-01-000-000-000', 'COMPRA DE TITULOS Y VALORES'),
(281, '215-21-03-001-001-100', 'COMPROMISO ANO ANTERIOR'),
(282, '215-21-04-003-003-100', 'CONCEJALES'),
(283, '215-31-02-004-007-001', 'CONEXION ALCANTARILLADO DEPENDENCIAS DIGA'),
(284, '215-33-03-001-001-002', 'CONFECCION PROYECTOS DE INGENIERIA PAVIMENTACION PARTICIPATIVA'),
(285, '215-31-02-004-231-006', 'CONSTRUCCION BANOS Y ALCANTARILLADO DIGA'),
(286, '215-31-02-004-012-001', 'CONSTRUCCION Y MEJORAMIENTO DE ESPACIOS PUBLICOS (SECPLAC)'),
(287, '215-31-02-004-020-000', 'CONSTRUCCION, REPARACION Y REPOSICION DE VEREDAS COMUNA DE LA PINTANA'),
(288, '215-31-02-004-020-001', 'CONSTRUCCION, REPARACION Y REPOSICION DE VEREDAS COMUNA DE LA PINTANA'),
(289, '215-31-02-002-000-000', 'CONSULTORIAS'),
(290, '215-22-12-006-000-000', 'CONTRIBUCIONES'),
(291, '215-26-02-001-000-000', 'CONVENIO CORFO'),
(292, '215-24-03-099-001-000', 'CORPORACION ASISTENCIA JUDICIAL'),
(293, '215-22-05-004-000-000', 'CORREO'),
(294, '215-34-01-003-000-000', 'CREDITOS DE PROVEEDORES'),
(295, '215-34-03-003-000-000', 'CREDITOS DE PROVEEDORES'),
(296, '215-34-05-003-000-000', 'CREDITOS DE PROVEEDORES'),
(297, '215-26-02-002-001-000', 'CUMPLIMIENTO SENTENCIAS JUDICIALES'),
(298, '215-30-01-003-000-000', 'CUOTAS DE FONDOS MUTUOS'),
(299, '215-22-11-002-000-000', 'CURSOS DE CAPACITACION'),
(300, '215-31-02-004-027-000', 'DEMARCACION VIALES MENORES '),
(301, '215-31-02-004-027-001', 'DEMARCACION VIALES MENORES '),
(302, '215-30-01-001-000-000', 'DEPOSITOS A PLAZO'),
(303, '215-22-12-005-000-000', 'DERECHOS Y TASAS'),
(304, '215-23-01-004-000-000', 'DESAHUCIOS E INDEMNIZACIONES'),
(305, '215-21-01-003-002-000', 'DESEMPENO COLECTIVO'),
(306, '215-21-02-003-002-000', 'DESEMPENO COLECTIVO'),
(307, '215-21-01-003-003-000', 'DESEMPENO INDIVIDUAL'),
(308, '215-21-02-003-003-000', 'DESEMPENO INDIVIDUAL'),
(309, '215-21-01-003-001-000', 'DESEMPENO INSTITUCIONAL'),
(310, '215-21-02-003-001-000', 'DESEMPENO INSTITUCIONAL'),
(311, '215-34-07-000-000-000', 'DEUDA FLOTANTE'),
(312, '215-34-07-002-000-000', 'Deuda Flotante'),
(313, '215-26-01-000-000-000', 'DEVOLUCIONES'),
(314, '215-26-01-001-000-000', 'DEVOLUCIONES'),
(315, '215-24-01-007-004-007', 'DID  ALIMENTACION, ADQUISICION DE PANALES, SABANILLAS, INSUMOS MEDICOS PARA PERSONAS MAYORES.'),
(316, '215-24-01-007-004-001', 'DID  BECA MUNICIPAL DE EDUCACION SUPERIOR (TRANSFERENCIA MONERTARIA)'),
(317, '215-24-01-004-004-002', 'DID APOYO A ORGANIZACIONES DE PERSONAS MAYORES (CELEBRACIONES Y ALIMENTOS)'),
(318, '215-24-01-007-004-017', 'DID APOYO A PERSONAS QUE PRESENTEN PROBLEMAS DE SALUD ASISTENCIA SOCIAL'),
(319, '215-24-01-004-004-006', 'DID APOYO ACTIVIDADES Y CEREMONIAS DE LA COMUNIDAD'),
(320, '215-24-01-007-004-019', 'DID APOYO EN AYUDAS TECNICAS E INSUMOS HOSPITALARIOS ASISTENCIA SOCIAL'),
(321, '215-24-01-007-004-006', 'DID ASISTENCIA TECNICA HUERTOS FAMILIARES'),
(322, '215-24-01-007-004-005', 'DID CAJAS DE ALIMENTOS, TOALLAS HIGIENICAS ,PANALES PROGRAMA DE  LA MUJER '),
(323, '215-24-01-007-004-004', 'DID CAJAS DE ALIMENTOS, TOALLAS HIGIENICAS, PANALES PMJH'),
(324, '215-24-01-007-004-011', 'DID CAJAS DE MERCADERIAS PINTANA DIVERSA'),
(325, '215-24-01-007-004-009', 'DID CAJAS DE MERCADERIAS PROG. APOYO A LA DISCAPACIDAD'),
(326, '215-24-01-004-004-008', 'DID COPAGO DEL PROGRAMA VACACIONES  FAMILIAR SERNATUR'),
(327, '215-24-01-007-004-016', 'DID FINANCIAMIENTO DE SERVICIOS FUNERARIOS? ASISTENCIA SOCIAL'),
(328, '215-24-01-004-004-007', 'DID FONDO PROGRAMA MEJORAMIENTO VECINAL '),
(329, '215-24-01-007-004-008', 'DID GIRO EN EFECTIVO PARA APOYO A MEDICAMENTOS, SEPULTACIONES  ETC. APOYO ADULTO MAYOR'),
(330, '215-24-01-007-004-013', 'DID MATERIALES DE CONSTRUCCION PARA REPARACION DE VIVIV ETC. PROT. ADULTO MAYOR'),
(331, '215-24-01-007-004-010', 'DID MEDICAMENTOS, EXAMENES ETC. PINTANA DIVERSA'),
(332, '215-24-01-007-004-003', 'DID. CAJAS DE ALIMENTOS PMJH'),
(333, '215-24-01-007-004-002', 'DID. CAJAS DE ALIMENTOS, TOALLAS HIGIENICAS, PANALES ETC  CENTRO DE LA MUJER.'),
(334, '215-24-01-004-004-005', 'DID. GIRO EN EFECTIVO PROTECCION ADULTO MAYOR'),
(335, '215-24-01-004-004-004', 'DID. KIT SOCIO ADULTO MAYOR'),
(336, '215-21-04-003-000-000', 'DIETAS A JUNTAS, CONSEJOS Y COMISIONES'),
(337, '215-21-04-003-001-000', 'DIETAS DE CONCEJALES'),
(338, '215-29-02-000-000-000', 'EDIFICIOS'),
(339, '215-29-02-001-000-000', 'EDIFICIOS '),
(340, '215-24-01-002-000-000', 'EDUCACION - PERS. JURIDICAS PRIV. ART. 13 D.F.L. N? 1, 3063/80'),
(341, '215-24-01-009-000-000', 'EDUCACION PREBASICA - PERSONAS JURIDICAS PRIVADAS ART 13, DFL N?1 3.063/80'),
(342, '215-31-01-002-003-000', 'ELABORACION DE PROYECTOS PASEOS PEATONALES III, COMUNA DE LA PINTANA'),
(343, '215-31-01-002-003-001', 'ELABORACION DE PROYECTOS PASEOS PEATONALES III, COMUNA DE LA PINTANA'),
(344, '215-31-01-002-005-000', 'ELABORACION PROYECTOS DE VEREDAS DIVERSAS CALLES COMUNA DE LA PINTANA'),
(345, '215-31-01-002-005-001', 'ELABORACION PROYECTOS DE VEREDAS DIVERSAS CALLES COMUNA DE LA PINTANA'),
(346, '215-31-01-002-007-000', 'ELABORACION PROYECTOS DE VEREDAS EN DIVERSAS CALLES DE LA COMUNA DE LA PINTANA, E ILUMINACION EN DIVERSOS  CALLES Y ESPACIOS PUBLICOS'),
(347, '215-31-01-002-007-001', 'ELABORACION PROYECTOS DE VEREDAS EN DIVERSAS CALLES DE LA COMUNA DE LA PINTANA, E ILUMINACION EN DIVERSOS  CALLES Y ESPACIOS PUBLICOS'),
(348, '215-22-05-001-000-000', 'ELECTRICIDAD'),
(349, '215-34-01-002-000-000', 'EMPRESTITOS'),
(350, '215-34-03-002-000-000', 'EMPRESTITOS'),
(351, '215-34-05-002-000-000', 'EMPRESTITOS'),
(352, '215-22-05-008-000-000', 'ENLACES DE TELECOMUNICACIONES'),
(353, '215-31-02-006-000-000', 'EQUIPOS'),
(354, '215-29-06-001-000-000', 'EQUIPOS COMPUTACIONALES Y PERIFERICOS'),
(355, '215-29-06-002-000-000', 'EQUIPOS DE COMUNICACIONES PARA REDES INFORMATICAS'),
(356, '215-29-06-000-000-000', 'EQUIPOS INFORMATICOS'),
(357, '215-22-04-013-000-000', 'EQUIPOS MENORES'),
(358, '215-31-02-004-023-001', 'ERRADICACION DE MICROBASURALES'),
(359, '215-31-02-002-014-000', 'ESTUDIO DE ARQUITECTURA Y ESPECIALIDADES'),
(360, '215-31-02-002-014-001', 'ESTUDIO DE ARQUITECTURA Y ESPECIALIDADES'),
(361, '215-31-01-002-001-000', 'ESTUDIOS   DE  VIABILIDAD DE INSTALACION DE 2  SEMAFOROS  EN PUNTOS CONFLICTIVOS DE LA COMUNA'),
(362, '215-31-01-002-001-001', 'ESTUDIOS   DE  VIABILIDAD DE INSTALACION DE 2  SEMAFOROS  EN PUNTOS CONFLICTIVOS DE LA COMUNA'),
(363, '215-31-01-002-000-000', 'ESTUDIOS  BASICOS  CONSULTORIAS'),
(364, '215-31-01-000-000-000', 'ESTUDIOS BASICOS'),
(365, '215-22-11-001-000-000', 'ESTUDIOS E INVESTIGACIONES'),
(366, '215-22-04-006-000-000', 'FERTILIZANTES, INSECTICIDAS, FUNGICIDAS Y OTROS'),
(367, '215-21-03-004-003-003', 'FINIQUITO MEDICO GABINETE PSICOTECNICO'),
(368, '215-21-03-004-003-002', 'FINIQUITOS GUARDIAS '),
(369, '215-24-01-999-002-000', 'FONDO GERMINA ACTIVA, CONCURSABLE DE ASISTENCIA '),
(370, '215-24-01-004-002-000', 'FONDOS  PARA CONCURSAR  '),
(371, '215-24-01-999-003-000', 'FONDOS CONCURSABLES \\GERMINA IDEAS , CONCURSABLE DE ASISTENCIA '),
(372, '215-24-01-001-000-000', 'FONDOS DE EMERGENCIA'),
(373, '215-24-01-007-004-012', 'GAB AYUDAS SOCIALES DE EMERGENCIA '),
(374, '215-22-05-003-000-000', 'GAS'),
(375, '215-31-01-001-000-000', 'GASTOS ADMINISTRATIVOS'),
(376, '215-31-02-001-000-000', 'GASTOS ADMINISTRATIVOS'),
(377, '215-22-10-004-000-000', 'GASTOS BANCARIOS'),
(378, '215-24-03-101-001-001', 'GASTOS DE OPERACION EDUCACION'),
(379, '215-24-03-101-002-001', 'GASTOS DE OPERACION-SALUD'),
(380, '215-22-12-003-000-000', 'GASTOS DE REPRESENTACION, PROTOCOLO Y CEREMONIAL'),
(381, '215-21-00-000-000-000', 'GASTOS EN PERSONAL'),
(382, '215-22-10-001-000-000', 'GASTOS FINANC. POR COMPRA Y VENTA DE TITULOS Y VALORES'),
(383, '215-22-12-002-000-000', 'GASTOS MENORES'),
(384, '215-21-04-003-002-000', 'GASTOS POR COMISIONES Y REPRESENTACIONES DEL MUNICIPIO'),
(385, '215-21-03-001-001-001', 'HONORARIO A SUMA ALZADA - PERSONAS NATURALES'),
(386, '215-21-04-004-006-000', 'HONORARIO COMPROMISO ANO ANTERIOR'),
(387, '215-21-04-004-006-100', 'HONORARIO COMPROMISO ANO ANTERIOR'),
(388, '215-21-04-004-004-011', 'HONORARIOS  APOYO A CUIDADORES DE PERSONAS MAYORES CON DEPENDENCIA'),
(389, '215-21-04-004-004-001', 'HONORARIOS  APOYO A LA REINSERCION SOCIAL'),
(390, '215-21-04-004-004-010', 'HONORARIOS  CENTRO DE BIENESTAR E INTEGRACION DEL ADULTO MAYOR'),
(391, '215-21-04-004-002-011', 'HONORARIOS  CENTRO DE OPERACIONES  DE TELEVIGILANCIA COMUNAL'),
(392, '215-21-04-004-004-021', 'HONORARIOS  ECONOMIA SOCIAL Y TRABAJOS ASOCIATIVOS'),
(393, '215-21-04-004-002-013', 'HONORARIOS  GESTION TERRITORIAL COMUNITARIA'),
(394, '215-21-04-004-004-026', 'HONORARIOS  OTEC'),
(395, '215-21-04-004-002-000', 'HONORARIOS  PROGRAMAS SERVICIOS COMUNITARIOS'),
(396, '215-21-04-004-004-000', 'HONORARIOS  PROGRAMAS SOCIALES'),
(397, '215-21-04-004-002-012', 'HONORARIOS  PROTECCION CIVIL Y EMERGENCIAS'),
(398, '215-21-04-004-002-006', 'HONORARIOS  TENENCIA RESPONSABLE DE MASCOTAS'),
(399, '215-21-03-001-000-000', 'HONORARIOS A SUMA ALZADA - PERSONAS NATURALES'),
(400, '215-21-03-001-001-000', 'HONORARIOS A SUMA ALZADA - PERSONAS NATURALES'),
(401, '215-21-04-004-003-100', 'HONORARIOS ANO ANTERIOR'),
(402, '215-21-04-004-004-012', 'HONORARIOS APOYO A LA DISCAPACIDAD'),
(403, '215-21-04-004-004-024', 'HONORARIOS APOYO A LA INCLUSION LABORAL DE LOS HABITANTES DE LA COMUNA'),
(404, '215-21-04-004-004-009', 'HONORARIOS APOYO A LAS ORGANIZACIONES DE PERSONAS MAYORES'),
(405, '215-21-04-004-002-009', 'HONORARIOS APOYO DE LA COMUNIDAD EN EMERGENCIAS E INCIVILIDADES'),
(406, '215-21-03-002-000-000', 'HONORARIOS ASIMILADOS A GRADOS'),
(407, '215-21-04-004-004-028', 'HONORARIOS CASA TEMPORAL PARA MUJERES VICTIMAS DE VIOLENCIA EN CONTEXTO DE PAREJA'),
(408, '215-21-04-004-004-029', 'HONORARIOS CENTRO DE LA MUJER LA PINTANA'),
(409, '215-21-04-004-002-010', 'HONORARIOS CENTRO DE MEDIACION FAMILIAR Y VECINAL'),
(410, '215-21-04-004-002-100', 'HONORARIOS COMPROMISO ANO ANTERIOR'),
(411, '215-21-04-004-004-100', 'HONORARIOS COMPROMISO ANO ANTERIOR'),
(412, '215-21-04-004-003-001', 'HONORARIOS DIFUSION DE PROGRAMAS SOCIALES'),
(413, '215-21-04-004-004-036', 'HONORARIOS FAMILIAS MUNICIPAL'),
(414, '215-21-04-004-002-016', 'HONORARIOS FERIAS NAVIDENAS'),
(415, '215-21-04-004-004-033', 'HONORARIOS FORTALECIMIENTO A ORGANIZACIONES RELIGIOSAS Y SOLIDARIAS'),
(416, '215-21-04-004-004-022', 'HONORARIOS FORTALECIMIENTO COMERCIAL'),
(417, '215-21-04-004-002-002', 'HONORARIOS FORTALECIMIENTO DE CONVIVENCIA CON LA INFRAESTRUCTURA VERDE Y LA SILVICULTURA'),
(418, '215-21-04-004-002-003', 'HONORARIOS FORTALECIMIENTO DEL PROYECTO DE SEPARACION DE RESIDUOS EN ORIGEN'),
(419, '215-21-04-004-004-035', 'HONORARIOS HABITABILIDAD MUNICIPAL'),
(420, '215-21-04-004-004-020', 'HONORARIOS INNOVACION Y DESARROLLO DE NEGOCIOS'),
(421, '215-21-04-004-002-019', 'HONORARIOS MANTENCION AREAS VERDES COMUNALES'),
(422, '215-21-04-004-002-015', 'HONORARIOS MANTENCION ELECTRICA AREAS VERDES '),
(423, '215-21-04-004-002-018', 'HONORARIOS MANTENCION MENORES DE DISPOSITIVOS VIALES DE TRANSITO'),
(424, '215-21-04-004-004-008', 'HONORARIOS OFICINA DE PROTECCION DE DERECHOS DEL ADULTO MAYOR'),
(425, '215-21-04-004-004-003', 'HONORARIOS OFICINA PROTECCION DERECHOS DEL NINO Y ADOLESCENTE'),
(426, '215-21-04-004-002-007', 'HONORARIOS PERSONAS EN SITUACION DE CALLE'),
(427, '215-21-04-004-004-023', 'HONORARIOS PRODESAL LA PINTANA'),
(428, '215-21-04-004-002-004', 'HONORARIOS PRODUCCION DE PLANTAS VIVERO MUNICIPAL'),
(429, '215-21-04-004-004-015', 'HONORARIOS PROG. PINTANA DIVERSA'),
(430, '215-21-04-004-004-014', 'HONORARIOS PROGRAMA APOYO A MIGRANTES'),
(431, '215-21-04-004-004-034', 'HONORARIOS PROGRAMA BECA MUNICIPAL EDUCACION SUPERIOR LA PINTANA'),
(432, '215-21-04-004-004-013', 'HONORARIOS PROGRAMA JUVENTUD'),
(433, '215-21-04-004-004-031', 'HONORARIOS PROGRAMA MUNICIPAL DE LA MUJER'),
(434, '215-21-04-004-004-032', 'HONORARIOS PROGRAMA PARTICIPACION CIUDADANA'),
(435, '215-21-04-004-004-016', 'HONORARIOS PROGRAMA PUEBLOS ORIGINARIOS'),
(436, '215-21-04-004-002-001', 'HONORARIOS PROMOCION DE ERRADICACION DE MICROBASURALES'),
(437, '215-21-04-004-002-005', 'HONORARIOS PROMOCION DEL CUMPLIMIENTO DE LA NORMATIVA AMBIENTAL'),
(438, '215-21-04-004-004-018', 'HONORARIOS PROMOCION TURISTICA PARA LOS HABITANTES DE LA COMUNA'),
(439, '215-21-04-004-004-004', 'HONORARIOS PROTECCION DE DERECHOS Y ASISTENCIA A VICTIMAS DE DELITOS'),
(440, '215-21-04-004-004-007', 'HONORARIOS REFORZAMIENTO DE LA ATENCION SOCIAL DE VECINAS DE LA COMUNA'),
(441, '215-21-04-004-004-005', 'HONORARIOS REGISTRO SOCIAL DE HOGARES'),
(442, '215-21-04-004-004-002', 'HONORARIOS SENDA PREVIENE'),
(443, '215-21-04-004-002-008', 'HONORARIOS SENAL EXPERIMENTAL'),
(444, '215-21-04-004-004-019', 'HONORARIOS TARJETA VECINO MAS COMUNIDAD'),
(445, '215-21-04-004-004-017', 'HONORARIOS UNIDAD MICROEMPRESA FAMILIAR'),
(446, '215-21-04-004-004-027', 'HONORARIOS VINCULACION CON EL MEDIO'),
(447, '215-21-04-004-002-014', 'HONORARIOS VIVIENDA'),
(448, '215-21-04-004-004-030', 'HONORARIOSPROGRAMA MUJERES JEFAS DE HOGAR'),
(449, '215-21-01-004-005-001', 'HORAS EXTRAORDINARIAS '),
(450, '215-21-03-004-003-001', 'HORAS EXTRAORDINARIAS '),
(451, '215-21-03-004-003-004', 'HORAS EXTRAS ATENCION MEDICO GABINETE PSICOTECNICO (DIAS SABADOS)'),
(452, '215-31-02-004-046-000', 'ILUMINACION Y HERMOSEAMIENTO PARQUE EL OMBU'),
(453, '215-31-02-004-046-001', 'ILUMINACION Y HERMOSEAMIENTO PARQUE EL OMBU'),
(454, '215-25-01-000-000-000', 'IMPUESTOS'),
(455, '215-21-01-001-014-001', 'INCREMENTO PREVISIONAL, ART. 2, D.L. 3501, DE 1980'),
(456, '215-21-02-001-013-001', 'INCREMENTO PREVISIONAL, ART. 2, D.L. 3501, DE 1980'),
(457, '215-23-03-001-000-000', 'INDEMNIZACION DE CARGO FISCAL'),
(458, '215-31-00-000-000-000', 'INICIATIVAS DE INVERSION'),
(459, '215-31-02-005-005-001', 'INSTALACION BOTONES DE PANICO DE GEORREFERENCIACION PARA PERSONAS.'),
(460, '215-31-02-005-004-000', 'INSTALACION DE  ALARMAS  COMUNITARIAS  ADQUISICION E INSTALACION'),
(461, '215-31-02-004-044-000', 'INSTALACION DE  NUEVA RED DE DATOS PARA EL EDIFICIO DE BALDOMERO LILLO (TRANSITO, INSPECCION, VIVIENDA Y BIENESTAR) Y LAS DEPENDENCIAS DE DAF , SOG, CONTROL Y  JURIDICO'),
(462, '215-31-02-004-044-001', 'INSTALACION DE  NUEVA RED DE DATOS PARA EL EDIFICIO DE BALDOMERO LILLO (TRANSITO, INSPECCION, VIVIENDA Y BIENESTAR) Y LAS DEPENDENCIAS DE DAF , SOG, CONTROL Y  JURIDICO'),
(463, '215-31-02-005-004-001', 'INSTALACION DE ALARMAS  COMUNITARIAS  ADQUISICION E INSTALACION'),
(464, '215-31-02-005-005-000', 'INSTALACION DE BOTONES DE PANICO DE GEORREFERENCIACION PARA PERSONAS.'),
(465, '215-31-02-004-200-009', 'INSTALACION DE CAMARAS DIFERENTES PUNTOS DE LA COMUNA'),
(466, '215-31-02-004-045-000', 'INSTALACION DE CAMARAS PARA PARQUE EL OMBU Y EL PABLO DE ROKHA'),
(467, '215-31-02-004-045-001', 'INSTALACION DE CAMARAS PARA PARQUE EL OMBU Y EL PABLO DE ROKHA'),
(468, '215-31-02-005-003-000', 'INSTALACION JUEGOS BASICOS Y BARRAS DE CALISTENIA INSTALADOS PARA  AREAS VERDES'),
(469, '215-31-02-005-003-001', 'INSTALACION JUEGOS BASICOS Y BARRAS DE CALISTENIA INSTALADOS PARA  AREAS VERDES'),
(470, '215-31-02-004-043-000', 'INSTALACION LUMINARIAS DIVERSOS SECTORES'),
(471, '215-31-02-004-043-001', 'INSTALACION LUMINARIAS DIVERSOS SECTORES'),
(472, '215-31-02-004-005-000', 'INSTALACION Y REGULARIZACION SERVICIOS DE AGUA POTABLE, ALCANTARILLADO Y ELECTRICIDAD'),
(473, '215-31-02-004-005-001', 'INSTALACION Y REGULARIZACION SERVICIOS DE AGUA POTABLE, ALCANTARILLADO Y ELECTRICIDAD'),
(474, '215-22-04-009-000-000', 'INSUMOS, REPUESTOS Y ACCESORIOS COMPUTACIONALES'),
(475, '215-34-03-000-000-000', 'INTERESES DEUDA INTERNA'),
(476, '215-24-03-090-003-000', 'INTERESES Y REAJUSTES PAGADOS'),
(477, '215-24-03-091-003-000', 'INTERESES Y REAJUSTES PAGADOS'),
(478, '215-22-12-004-000-000', 'INTERESES, MULTAS Y RECARGOS'),
(479, '215-31-02-004-002-000', 'INTERVENCION ARTISTICA Y HERMOSEAMIENTO DE ESPACIOS URBANOS EN LA COMUNA DE LA PINTANA'),
(480, '215-31-02-004-002-001', 'INTERVENCION ARTISTICA Y HERMOSEAMIENTO DE ESPACIOS URBANOS EN LA COMUNA DE LA PINTANA'),
(481, '215-21-03-003-000-000', 'JORNALES'),
(482, '215-24-01-004-004-001', 'JUGUETES'),
(483, '215-31-01-002-004-000', 'LICITACION DE DISENO DE HABILITACION DE GIMNASIO ?TALA'),
(484, '215-31-01-002-004-001', 'LICITACION DE DISENO DE HABILITACION DE GIMNASIO ?TALA'),
(485, '215-31-02-004-019-000', 'MANTEMIENTO DE PUNTOS DE PARADA COMUNA DE LA PINTANA  (AP. MUNICIPAL)'),
(486, '215-31-02-004-019-001', 'MANTEMIENTO DE PUNTOS DE PARADA COMUNA DE LA PINTANA (AP. MUNICIPAL)'),
(487, '215-31-02-004-006-000', 'MANTENCION EMERGENCIAS VIAS PAVIMENTADAS Y REDUCTORES DE VELOCIDAD'),
(488, '215-31-02-004-006-001', 'MANTENCION EMERGENCIAS VIAS PAVIMENTADAS Y REDUCTORES DE VELOCIDAD'),
(489, '215-31-02-004-231-003', 'MANTENCION INTERIOR RECINTO'),
(490, '215-31-02-004-031-001', 'MANTENIMIENTO DE ASEO Y BARRIDO DE CALLES'),
(491, '215-22-06-001-000-000', 'MANTENIMIENTO Y REPARACION DE EDIFICACIONES'),
(492, '215-22-06-007-000-000', 'MANTENIMIENTO Y REPARACION DE EQUIPOS INFORMATICOS'),
(493, '215-22-06-004-000-000', 'MANTENIMIENTO Y REPARACION DE MAQUINAS Y EQUIPOS DE OFICINA'),
(494, '215-22-06-006-000-000', 'MANTENIMIENTO Y REPARACION DE OTRAS MAQUINARIAS Y EQUIPOS'),
(495, '215-22-06-002-000-000', 'MANTENIMIENTO Y REPARACION DE VEHICULOS'),
(496, '215-22-06-005-000-000', 'MANTENIMIENTO Y REPARACION MAQUINARIA Y EQUIPOS DE PRODUCCION'),
(497, '215-22-06-003-000-000', 'MANTENIMIENTO Y REPARACION MOBILIARIOS Y OTROS'),
(498, '215-22-06-000-000-000', 'MANTENIMIENTO Y REPARACIONES'),
(499, '215-29-05-002-000-000', 'MAQUINARIAS Y EQUIPOS PARA LA PRODUCCION'),
(500, '215-29-05-000-000-000', 'MAQUINAS Y EQUIPOS'),
(501, '215-29-05-001-000-000', 'MAQUINAS Y EQUIPOS DE OFICINA'),
(502, '215-22-04-001-000-000', 'MATERIALES DE OFICINA'),
(503, '215-22-04-000-000-000', 'MATERIALES DE USO O CONSUMO'),
(504, '215-22-04-010-000-000', 'MATERIALES PARA MANTENIM. Y REPARACIONES DE INMUEBLES '),
(505, '215-22-04-007-000-000', 'MATERIALES Y UTILES DE ASEO'),
(506, '215-22-04-005-000-000', 'MATERIALES Y UTILES QUIRURGICOS'),
(507, '215-22-04-016-000-000', 'MATERIAS PRIMAS Y SEMIELABORADAS'),
(508, '215-31-01-002-006-000', 'MECANICA DE SUELO Y PROYECTOS DE: CALCULO, SANITARIOS Y ELECTRICO; PARA  CONSTRUCCION DE  VIVIENDAS, SEDES SOCIALES Y CLUBES DEPORTIVOS'),
(509, '215-31-01-002-006-001', 'MECANICA DE SUELO Y PROYECTOS DE: CALCULO, SANITARIOS Y ELECTRICO; PARA  CONSTRUCCION DE  VIVIENDAS, SEDES SOCIALES Y CLUBES DEPORTIVOS'),
(510, '215-31-02-004-038-001', 'MEJ. Y REPOSICION DE LUMINARIAS'),
(511, '215-31-02-004-011-000', 'MEJORAMIENTO  Y MANTENIMIENTO DE LAS AREAS VERDES COMUNALES '),
(512, '215-31-02-004-011-001', 'MEJORAMIENTO  Y MANTENIMIENTO DE LAS AREAS VERDES COMUNALES '),
(513, '215-31-02-004-014-001', 'MEJORAMIENTO CESFAM SANTIAGO DE NUEVA EXTREMADURA'),
(514, '215-31-02-004-015-000', 'MEJORAMIENTO DE  ESTACIONAMIENTO EDIFICIO CONSISTORIAL'),
(515, '215-31-02-004-015-001', 'MEJORAMIENTO DE  ESTACIONAMIENTO EDIFICIO CONSISTORIAL'),
(516, '215-31-02-004-033-000', 'MEJORAMIENTO DE CALZADAS Y VEREDAS POR EXTRACCION DE RAICES'),
(517, '215-31-02-004-033-001', 'MEJORAMIENTO DE CALZADAS Y VEREDAS POR EXTRACCION DE RAICES'),
(518, '215-31-02-004-029-001', 'MEJORAMIENTO DE ESPACIOS PUBLICOS, PLAZAS VEREDAS E LA COMUNA'),
(519, '215-31-02-004-008-000', 'MEJORAMIENTO Y ACTIVACION DE ESPACIOS PUBLICOS BARRIALES'),
(520, '215-31-02-004-008-001', 'MEJORAMIENTO Y ACTIVACION DE ESPACIOS PUBLICOS BARRIALES'),
(521, '215-31-02-004-231-000', 'MEJORAMIENTO Y CONSTRUCCION DE DEPENDENCIAS MUNICIPALES'),
(522, '215-31-02-004-231-001', 'MEJORAMIENTO Y CONSTRUCCION DE DEPENDENCIAS MUNICIPALES'),
(523, '215-31-02-004-226-002', 'MEJORAMIENTO Y HERMOSEAMIENTO DE BIENES NACIONALES DE USO PUBLICO'),
(524, '215-31-02-004-212-012', 'MEJORAMIENTOS DE DISTINTAS SEDES VECINALES Y/O IMPLEMENTACION  DE MAQUINAS DE EJERC. Y JUEGOS  INFAN'),
(525, '215-31-02-004-048-000', 'MEJORMIENTO INTEGRAL DE SECTOR SANTO TOMAS'),
(526, '215-31-02-004-048-001', 'MEJORMIENTO INTEGRAL DE SECTOR SANTO TOMAS'),
(527, '215-22-04-008-000-000', 'MENAJE PARA OFICINA, CASINO Y OTROS'),
(528, '215-29-04-000-000-000', 'MOBILIARIO Y OTROS'),
(529, '215-29-04-001-000-000', 'MOBILIARIO Y OTROS'),
(530, '215-21-01-001-009-001', 'MONTO FIJO COMPLEMENTARIO ART. 3, LEY N? 19.278'),
(531, '215-21-02-001-009-001', 'MONTO FIJO COMPLEMENTARIO ART. 3, LEY N? 19.278'),
(532, '215-24-03-002-001-000', 'MULTA LEY DE ALCOHOLES'),
(533, '215-24-03-092-001-000', 'MULTAS ART. 14, N?6,  INC. 1?, LEY N? 18.695 - EQUIPOS DE REGISTROS'),
(534, '215-24-03-092-002-000', 'MULTAS ART. 14, N?6,  INC. 2?, LEY N? 18.695 ? MULTAS TAG'),
(535, '215-24-03-092-003-000', 'MULTAS ART. 42, DECRETO N? 900 DE 1996 MINISTERIO DE OBRAS PUBLICAS'),
(536, '215-31-02-004-000-000', 'OBRAS CIVILES'),
(537, '215-31-02-004-036-001', 'OBRAS SUPLEMENTARIAS DE PROYECTOS VIALES'),
(538, '215-31-02-004-030-001', 'ORNAMENTACION DE PUNTOS DE ENTRADA EN LA COMUNA'),
(539, '215-21-03-999-000-000', 'OTRAS'),
(540, '215-21-03-999-999-000', 'OTRAS'),
(541, '215-21-01-001-009-999', 'OTRAS  ASIGNACIONES ESPECIALES'),
(542, '215-21-02-001-009-999', 'OTRAS  ASIGNACIONES ESPECIALES'),
(543, '215-21-01-001-999-000', 'OTRAS ASIGNACIONES'),
(544, '215-21-02-001-999-000', 'OTRAS ASIGNACIONES'),
(545, '215-21-01-001-014-999', 'OTRAS ASIGNACIONES COMPENSATORIAS'),
(546, '215-21-02-001-013-999', 'OTRAS ASIGNACIONES COMPENSATORIAS'),
(547, '215-21-01-001-015-999', 'OTRAS ASIGNACIONES SUSTITUTIVAS'),
(548, '215-21-02-001-014-999', 'OTRAS ASIGNACIONES SUSTITUTIVAS'),
(549, '215-21-01-002-002-000', 'OTRAS COTIZACIONES PREVISIONALES'),
(550, '215-21-02-002-002-000', 'OTRAS COTIZACIONES PREVISIONALES'),
(551, '215-21-02-002-002-001', 'OTRAS COTIZACIONES PREVISIONALES'),
(552, '215-23-03-004-000-000', 'OTRAS INDEMNIZACIONES'),
(553, '215-29-05-999-000-000', 'OTRAS MAQUINAS Y EQUIPOS'),
(554, '215-24-01-005-000-000', 'OTRAS PERSONAS JURIDICAS PRIVADAS '),
(555, '215-21-03-000-000-000', 'OTRAS REMUNERACIONES'),
(556, '215-24-01-999-000-000', 'OTRAS TRANSFERENCIAS AL SECTOR PRIVADO'),
(557, '215-30-01-999-000-000', 'OTROS'),
(558, '215-22-09-999-000-000', 'OTROS - ARRIENDOS'),
(559, '215-22-12-999-000-000', 'OTROS - GASTOS DE BIENES Y SERVICIOS DE CONSUMO'),
(560, '215-22-04-999-000-000', 'OTROS - MATERIALES DE USO O CONSUMO'),
(561, '215-22-07-999-000-000', 'OTROS - PUBLICIDAD Y DIFUSION'),
(562, '215-22-05-999-000-000', 'OTROS - SERVICIOS  BASICOS'),
(563, '215-22-08-999-000-000', 'OTROS - SERVICIOS  GENERALES'),
(564, '215-22-10-999-000-000', 'OTROS - SERVICIOS FINANCIEROS Y DE SEGUROS'),
(565, '215-22-11-999-000-000', 'OTROS - SERVICIOS TECNICOS PROFESIONALES'),
(566, '215-30-99-000-000-000', 'OTROS ACTIVOS FINANCIEROS'),
(567, '215-29-99-000-000-000', 'OTROS ACTIVOS NO FINANCIEROS'),
(568, '215-21-04-003-003-000', 'OTROS GASTOS'),
(569, '215-31-02-999-000-000', 'OTROS GASTOS'),
(570, '215-26-00-000-000-000', 'OTROS GASTOS CORRIENTES'),
(571, '215-22-12-000-000-000', 'OTROS GASTOS EN BIENES Y SERVICIOS DE CONSUMO'),
(572, '215-21-04-000-000-000', 'OTROS GASTOS EN PERSONAL'),
(573, '215-34-05-000-000-000', 'OTROS GASTOS FINANC. DEUDA INTERNA'),
(574, '215-25-99-000-000-000', 'OTROS INTEGROS AL FISCO'),
(575, '215-22-04-012-000-000', 'OTROS MATERIALES, REPUESTOS Y UTILES DIVERSOS'),
(576, '215-22-06-999-000-000', 'OTROS-MANTENCION Y REPARACIONES'),
(577, '215-22-01-002-000-000', 'PARA ANIMALES'),
(578, '215-22-03-003-000-000', 'PARA CALEFACCION'),
(579, '215-22-03-002-000-000', 'PARA MAQUINARIA, EQUIPOS DE PROD., TRACCION Y ELEVACION'),
(580, '215-22-03-999-000-000', 'PARA OTROS'),
(581, '215-22-01-001-000-000', 'PARA PERSONAS '),
(582, '215-22-03-001-000-000', 'PARA VEHICULOS'),
(583, '215-22-08-007-000-000', 'PASAJES, FLETES Y BODEGAJES'),
(584, '215-21-02-000-000-000', 'PERSONAL A CONTRATA'),
(585, '215-21-03-006-000-000', 'PERSONAL A TRATO Y/O TEMPORAL'),
(586, '215-21-01-000-000-000', 'PERSONAL DE PLANTA'),
(587, '215-21-03-004-001-002', 'PERSONAL REGULADOS POR EL CODIGO DEL TRABAJO'),
(588, '215-21-01-001-008-002', 'PLANILLA COMPLEMENTARIA, ART. 4 Y 11, LEY N? 19.598'),
(589, '215-21-02-001-008-002', 'PLANILLA COMPLEMENTARIA, ART. 4 Y 11, LEY N? 19.598'),
(590, '215-31-02-004-428-001', 'PMB HABILITACION CASINO MUNICIPALIDAD DE LA PINTANA'),
(591, '215-31-02-004-413-001', 'PMB MEJORAMIENTO E ILUMINACION  CALLE VIOLETA PARRA'),
(592, '215-31-02-004-422-001', 'PMU CONSTRUCCION NUEVA PLAZA EDIFICIO CONSISTORIAL'),
(593, '215-31-02-004-407-001', 'PMU CONSTRUCCION PLAZA DEPORTIVA SAN MATIAS I'),
(594, '215-31-02-004-425-001', 'PMU FACILIDADES PEATONALES DISTANCIAMIENTO FISICO EN ENTORNOS Y CRUCES SEMAFORIZADOS AVDA. SANTA ROS'),
(595, '215-31-02-004-426-001', 'PMU HABILITACION CLINICA VETERINARIA MUNIIPAL DE LA PINTANA'),
(596, '215-31-02-004-414-001', 'PMU MEJ. ILUMINACION 6 PLAZAS COMUNA DE LA PINTANA'),
(597, '215-31-02-004-431-001', 'PMU MEJORAMIENTO ACERAS PEDRO PRADO CON JULIO BARNECHEA'),
(598, '215-31-02-004-402-001', 'PMU MEJORAMIENTO ACERAS SECTOR CESFAM FLOR FERNANDEZ'),
(599, '215-31-02-004-415-001', 'PMU MEJORAMIENTO DE ACERAS PEDRO PRADOSECTOR SOTERIO DEL RIO Y TANCREDO PINOCHET'),
(600, '215-31-02-004-427-001', 'PMU MEJORAMIENTO DE ACERAS SECTOR NORPONIENTE EL BOSQUE'),
(601, '215-31-02-004-401-001', 'PMU MEJORAMIENTO DE ACERAS SUR CALLE CIUDAD DE MEXICO'),
(602, '215-31-02-004-424-001', 'PMU MEJORAMIENTO PLAZA EDIFICIO CONSISTORIAL'),
(603, '215-31-02-004-430-001', 'PMU MEJORAMIENTO SKATEPARK LO MARTINEZ'),
(604, '215-31-02-004-408-001', 'PMU PLAN NACIONAL DE ATENCION VETERINARIA CANINA Y FELINA 2017 '),
(605, '215-31-02-004-429-001', 'PMU PLAN NACIONAL DE ESTERILIZACIONES RESPONSABILIDAD COMPARTIDA 2020 '),
(606, '215-31-02-004-404-001', 'PMU PMU REPOSICION DE VEREDAS SECTOR POBLACION EL BOSQUE I'),
(607, '215-31-02-004-400-001', 'PMU REPOSICION DE VEREDAS AVDA. OBSERVATORIO Y CALLE VENENCIA LEIVA '),
(608, '215-31-02-004-417-001', 'PMU REPOSICION DE VEREDAS CALLE ALMIRANTE LATORRE'),
(609, '215-31-02-004-420-001', 'PMU REPOSICION DE VEREDAS CALLE LA BANDERA'),
(610, '215-31-02-004-419-001', 'PMU REPOSICION DE VEREDAS CALLE MIGUEL ANGEL'),
(611, '215-31-02-004-399-001', 'PMU REPOSICION DE VEREDAS CALLE PEDRO AGUIRRE CERDA'),
(612, '215-31-02-004-418-001', 'PMU REPOSICION DE VEREDAS CALLE PEDRO AGUIRRE CERDA ESQ. AV. EL OBSERVATORIO'),
(613, '215-31-02-004-405-001', 'PMU REPOSICION DE VEREDAS CALLE VENANCIA LEIVA ESQUINA SANTA ROSA'),
(614, '215-31-02-004-410-001', 'PMU REPOSICION DE VEREDAS CALLES LA BANDERA E ISABEL DE HUNGRIA'),
(615, '215-31-02-004-411-001', 'PMU REPOSICION DE VEREDAS PEDRO PRADO 7-11 PABLO DE ROCKA'),
(616, '215-31-02-004-416-001', 'PMU REPOSICION DE VEREDAS PEDRO PRADO ENTRE BERNARDINO PARADA E ILOCA'),
(617, '215-31-02-004-412-001', 'PMU REPOSICION DE VEREDAS PEDRO PRADO ESQUINA LO MARTINEZ'),
(618, '215-31-02-004-403-001', 'PMU REPOSICION DE VEREDAS SECTOR POBLACION LOS ROBLES 2'),
(619, '215-31-02-004-421-001', 'PMU REPOSICION DE VEREDAS SECTOR VILLA SAN FRANCISCO II'),
(620, '215-31-02-004-395-001', 'PMU REPOSICION VEREDAS ANTONIO MACHADO '),
(621, '215-31-02-004-389-001', 'PMU REPOSICION VEREDAS CALLE ALMIRANTE LATORRE'),
(622, '215-31-02-004-423-001', 'PMU REPOSICION VEREDAS CALLE PEDRO AGUIRRE CERDA'),
(623, '215-32-06-000-000-000', 'POR ANTICIPOS A CONTRATISTAS'),
(624, '215-32-09-000-000-000', 'POR VENTAS A PLAZO'),
(625, '215-24-01-008-004-001', 'PREMIOS  PROGRAMAS  SOCIALES GALVANOS, MEDALLAS Y OTROS'),
(626, '215-24-01-008-003-000', 'PREMIOS ACTIVIDADES MUNICIPALES'),
(627, '215-24-01-008-003-001', 'PREMIOS ACTIVIDADES MUNICIPALES  U ORGANIZACIONES DESTACADAS, GALVANOS Y OTROS'),
(628, '215-24-01-008-004-000', 'PREMIOS PROGRAMAS SOCIALES'),
(629, '215-24-01-008-000-000', 'PREMIOS Y OTROS'),
(630, '215-23-00-000-000-000', 'PRESTACIONES DE SEGURIDAD SOCIAL'),
(631, '215-21-04-004-000-000', 'PRESTACIONES DE SERVICIOS EN PROGRAMAS COMUNITARIOS'),
(632, '215-23-01-000-000-000', 'PRESTACIONES PREVISIONALES'),
(633, '215-23-03-000-000-000', 'PRESTACIONES SOCIALES DEL EMPLEADOR'),
(634, '215-32-00-000-000-000', 'PRESTAMOS'),
(635, '215-22-10-002-000-000', 'PRIMAS Y GASTOS DE SEGUROS'),
(636, '215-22-04-015-000-000', 'PRODUCTOS AGROPECUARIOS Y FORESTALES'),
(637, '215-22-04-014-000-000', 'PRODUCTOS ELABORADOS DE CUERO, CAUCHO Y PLASTICOS'),
(638, '215-22-04-004-000-000', 'PRODUCTOS FARMACEUTICOS'),
(639, '215-22-04-003-000-000', 'PRODUCTOS QUIMICOS'),
(640, '215-33-03-001-002-000', 'PROGRAMA MEJORAMIENTO CONDOMINIOS SOCIALES'),
(641, '215.33.03.001.002.000', 'Programa Mejoramiento Condominios Sociales'),
(642, '215-33-03-001-001-000', 'PROGRAMA PAVIMENTOS PARTICIPATIVOS'),
(643, '215.33.03.001.001.000', 'Programa Pavimentos Participativos'),
(644, '215-33-03-001-003-000', 'PROGRAMA REHABILITACION DE ESPACIOS PUBLICOS'),
(645, '215.33.03.001.003.000', 'Programa RehabilitaciOn de Espacios PUblicos'),
(646, '215-29-07-001-000-000', 'PROGRAMAS COMPUTACIONALES'),
(647, '215-29-07-000-000-000', 'PROGRAMAS INFORMATICOS'),
(648, '215-31-02-004-001-000', 'PROVISION E INSTALACION DE  UN CRUCE SEMAFORIZADO EN EL SECTOR CENTRO  DE LA COMUNA'),
(649, '215-31-02-004-001-001', 'PROVISION E INSTALACION DE  UN CRUCE SEMAFORIZADO EN EL SECTOR CENTRO  DE LA COMUNA '),
(650, '215-31-01-002-002-000', 'PROYECTO DE INGENIERIA REPOSICION DE CALZADAS Y AGUAS LLUVIAS CALLE PORTO ALEGRE. APORTE SERVIU CONVENIO'),
(651, '215-31-01-002-002-001', 'PROYECTO DE INGENIERIA REPOSICION DE CALZADAS Y AGUAS LLUVIAS CALLE PORTO ALEGRE. APORTE SERVIU CONVENIO'),
(652, '215-33-03-001-004-001', 'Proyecto de ingenierIa reposiciOn de calzadas, veredas y aguas lluviaS en diversos puntos de la comuna,  Aporte Serviu'),
(653, '215-31-02-004-114-001', 'PROYECTO MEJORAMIENTO INTEGRAL EN EJE AV. LO BLANCO');
INSERT INTO `clasificador_presupuestario` (`id_cla_presupuestario`, `clasificacion_presu`, `nombre_cuenta`) VALUES
(654, '215-24-03-080-002-001', 'PROYECTO MSUR RECICLA /ASOCIACION DE MUNICIPIOS MSUR'),
(655, '215-31-02-000-000-000', 'PROYECTOS'),
(656, '215-31-02-005-000-000', 'PROYECTOS  EQUIPAMIENTO'),
(657, '215-33-03-001-001-001', 'PROYECTOS PAVIMENTOS PARTICIPATIVOS  2023'),
(658, '215-33-03-001-004-000', 'PROYECTOS URBANOS'),
(659, '215.33.03.001.004.000', 'Proyectos Urbanos'),
(660, '215-22-07-000-000-000', 'PUBLICIDAD Y DIFUSION'),
(661, '215-31-02-004-009-000', 'REALIZACION DE MURALES IDENTITARIOS DE LA COMUNA DE LA PINTANA'),
(662, '215-31-02-004-009-001', 'REALIZACION DE MURALES IDENTITARIOS DE LA COMUNA DE LA PINTANA'),
(663, '215-31-02-004-022-001', 'RECUPERACION DE FOCOS DE INSALUBRIDAD EN BNUP'),
(664, '215-21-01-001-009-006', 'RED MAESTROS DE MAESTROS'),
(665, '215-21-02-001-009-006', 'RED MAESTROS DE MAESTROS'),
(666, '215-31-02-004-021-000', 'Reformulacion de circulaciones por conflicto con raIces de arbolado'),
(667, '215-31-02-004-021-001', 'Reformulacion de circulaciones por conflicto con raIces de arbolado'),
(668, '215-21-01-001-014-007', 'REMUNERACION ADICIONAL, ART. 3 TRANSITORIO, LEY N? 19.070'),
(669, '215-21-02-001-013-007', 'REMUNERACION ADICIONAL, ART. 3 TRANSITORIO, LEY N? 19.070'),
(670, '215-21-03-004-001-003', 'REMUNERACIONES MEDICO REGULADAS POR EL CODIGO DEL TRABAJO'),
(671, '215-21-03-004-000-000', 'REMUNERACIONES REGULADAS POR EL CODIGO DEL TRABAJO'),
(672, '215-21-01-004-000-000', 'REMUNERACIONES VARIABLES'),
(673, '215-21-02-004-000-000', 'REMUNERACIONES VARIABLES'),
(674, '215-21-03-004-003-000', 'REMUNERACIONES VARIABLES'),
(675, '215-31-02-004-003-000', 'RENOVACION  DE POSTES METALICOS EN PLAZAS DE LA COMUNA'),
(676, '215-31-02-004-003-001', 'RENOVACION  DE POSTES METALICOS EN PLAZAS DE LA COMUNA'),
(677, '215-31-02-005-002-000', 'RENOVACION DE JUEGOS INFANTILES DETERIORADOS EN DIVERSAS AREAS VERDES DE LA COMUNA'),
(678, '215-31-02-005-002-001', 'RENOVACION DE JUEGOS INFANTILES DETERIORADOS EN DIVERSAS AREAS VERDES DE LA COMUNA'),
(679, '215-31-02-005-001-000', 'RENOVACION DE MOBILIARIO URBANO, DETERIORADO EN AREAS VERDES DE LA COMUNA.'),
(680, '215-31-02-005-001-001', 'RENOVACION DE MOBILIARIO URBANO, DETERIORADO EN AREAS VERDES DE LA COMUNA.'),
(681, '215-31-02-005-006-000', 'REPOSICION  EQUIPAMIENTO AREAS  VERDES'),
(682, '215-31-02-005-006-001', 'REPOSICION  EQUIPAMIENTO AREAS  VERDES'),
(683, '215-22-04-011-000-000', 'REPUESTOS Y  ACCES. PARA MANTEN. Y REPAR. DE VEHICULOS'),
(684, '215-22-08-008-000-000', 'SALAS CUNAS Y/O JARDINES INFANTILES'),
(685, '35-00-000-000-000', 'SALDO FINAL DE CAJA'),
(686, '215-24-01-004-004-009', 'SALIDA CULTURAL  PROGRAMA JUVENTUD'),
(687, '215-24-01-003-000-000', 'SALUD - PERS. JURIDICAS PRIV.  ART. 13 D.F.L. N? 1, 3063/80'),
(688, '215-31-02-004-041-001', 'SEC. MEJ Y CONST. DE DEPENDENCIAS MUNICIPALES AREAS VERDES  Y ESPACIOS PUBLICOS'),
(689, '215-31-02-004-040-001', 'SECPLAC MEJORAMIENTO DE ESPACIOS PUBLICOS PRO-EMPLEO'),
(690, '215-21-04-003-003-001', 'SEGURO DE ACCIDENTE ACHS 8 CONCEJALES Y SIS'),
(691, '215-21-03-004-002-003', 'SEGURO DE CESANTIA 2.4%'),
(692, '215-34-00-000-000-000', 'SERVICIO DE LA DEUDA'),
(693, '215-31-02-004-032-001', 'SERVICIO DE PODA Y TALA DE ARBOLADO COMUNAL VIAL 2020'),
(694, '215-22-05-000-000-000', 'SERVICIOS BASICOS'),
(695, '215-22-08-001-000-000', 'SERVICIOS DE ASEO'),
(696, '215-24-01-007-002-000', 'SERVICIOS DE ASISTENCIA SOCIAL '),
(697, '215-22-07-003-000-000', 'SERVICIOS DE ENCUADERNACION Y EMPASTE'),
(698, '215-22-10-003-000-000', 'SERVICIOS DE GIROS Y REMESAS'),
(699, '215-22-07-002-000-000', 'SERVICIOS DE IMPRESION'),
(700, '215-22-08-004-000-000', 'SERVICIOS DE MANTENCION DE ALUMBRADO PUBLICO'),
(701, '215-22-08-003-000-000', 'SERVICIOS DE MANTENCION DE JARDINES'),
(702, '215-22-08-005-000-000', 'SERVICIOS DE MANTENCION DE SEMAFOROS'),
(703, '215-22-08-006-000-000', 'SERVICIOS DE MANTENCION DE SENALIZAC. DE TRANSITO'),
(704, '215-22-08-009-000-000', 'SERVICIOS DE PAGO Y COBRANZA'),
(705, '215-22-08-011-000-000', 'SERVICIOS DE PRODUCCION Y DESARROLLO DE EVENTOS'),
(706, '215-22-07-001-000-000', 'SERVICIOS DE PUBLICIDAD'),
(707, '215-22-08-010-000-000', 'SERVICIOS DE SUSCRIPCION Y SIMILARES'),
(708, '215-22-08-002-000-000', 'SERVICIOS DE VIGILANCIA'),
(709, '215-22-10-000-000-000', 'SERVICIOS FINANCIEROS Y DE SEGUROS'),
(710, '215-22-08-000-000-000', 'SERVICIOS GENERALES'),
(711, '215-22-11-003-000-000', 'SERVICIOS INFORMATICOS'),
(712, '215-22-11-000-000-000', 'SERVICIOS TECNICOS Y PROFESIONALES'),
(713, '215-31-02-004-004-000', 'SISTEMA DE   EFICIENCIA ENERGETICA PARA EL POLIDEPORTIVO '),
(714, '215-31-02-004-004-001', 'SISTEMA DE   EFICIENCIA ENERGETICA PARA EL POLIDEPORTIVO '),
(715, '215-29-07-002-000-000', 'SISTEMAS DE INFORMACION'),
(716, '215-24-01-005-002-001', 'SUBVENCION CORPORACION DE CULTURA'),
(717, '215-24-01-005-001-001', 'SUBVENCION CORPORACION DE DEPORTES '),
(718, '215-24-01-006-002-001', 'SUBVENCION CUERPO DE BOMBEROS  '),
(719, '215-21-02-001-001-001', 'SUELDO BASE - PERSONAL A CONTRATA'),
(720, '215-21-01-001-001-001', 'SUELDO BASE - PERSONAL DE PLANTA'),
(721, '215-21-03-004-001-000', 'SUELDOS'),
(722, '215-21-01-001-001-000', 'SUELDOS BASES'),
(723, '215-21-02-001-001-000', 'SUELDOS BASES'),
(724, '215-21-03-004-001-001', 'SUELDOS VIGILANTES PRIVADOS'),
(725, '215-21-01-001-000-000', 'SUELDOS Y SOBRESUELDOS'),
(726, '215-21-02-001-000-000', 'SUELDOS Y SOBRESUELDOS'),
(727, '215-31-02-004-018-000', 'SUMINISTRO  E INSTALACION DE  DISPOSITIVOS VIALES'),
(728, '215-31-02-004-018-001', 'SUMINISTRO  E INSTALACION DE  DISPOSITIVOS VIALES'),
(729, '215-21-03-005-000-000', 'SUPLENCIAS Y REEMPLAZOS'),
(730, '215-21-03-005-005-000', 'SUPLENCIAS Y REMPLAZOS'),
(731, '215-21-03-005-005-001', 'SUPLENCIAS Y REMPLAZOS'),
(732, '215-22-05-006-000-000', 'TELEFONIA CELULAR'),
(733, '215-22-05-005-000-000', 'TELEFONIA FIJA'),
(734, '215-29-01-000-000-000', 'TERRENOS'),
(735, '215-31-02-003-000-000', 'TERRENOS'),
(736, '215-22-02-001-000-000', 'TEXTILES Y ACABADOS TEXTILES'),
(737, '215-22-02-000-000-000', 'TEXTILES, VESTUARIO Y CALZADO'),
(738, '215-22-04-002-000-000', 'TEXTOS Y OTROS MATERIALES DE ENSENANZA'),
(739, '215-21-01-004-005-000', 'TRABAJOS EXTRAORDINARIOS'),
(740, '215-21-02-004-005-000', 'TRABAJOS EXTRAORDINARIOS'),
(741, '215-21-02-004-005-001', 'TRABAJOS EXTRAORDINARIOS'),
(742, '215-31-02-004-016-001', 'TRAN. MANTENCIONES MENORES Y EMERGENCIAS DISPOSITIVOS VIALES'),
(743, '215-31-02-004-028-001', 'TRANS. INSTALACION DE CRUCES SEMAFORIZADOS'),
(744, '215-31-02-004-017-001', 'TRANS. INSTALACION TRES CRUCES SEMAFORIZADOS'),
(745, '215-26-02-002-003-000', 'TRANSACCIONES'),
(746, '215-24-01-999-001-000', 'TRANSFERENCIA EMPRESAS DE ASEO '),
(747, '215-24-01-004-000-000', 'TRANSFERENCIAS  A ORGANIZACIONES COMUNITARIAS'),
(748, '215-24-01-004-004-000', 'TRANSFERENCIAS A  ORGANIZACIONES -  PROGRAMAS SOCIALES'),
(749, '215-24-00-000-000-000', 'TRANSFERENCIAS CORRIENTES'),
(750, '215-33-00-000-000-000', 'TRANSFERENCIAS DE CAPITAL'),
(751, '215-31-02-004-010-000', 'TRASLADO BODEGA MUNICIPAL'),
(752, '215-31-02-004-010-001', 'TRASLADO BODEGA MUNICIPAL'),
(753, '215-21-01-001-002-003', 'TRIENIOS, ART.7, INCISO 3, LEY N?15.076'),
(754, '215-29-03-000-000-000', 'VEHICULOS'),
(755, '215-29-03-001-000-000', 'VEHICULOS'),
(756, '215-31-02-007-000-000', 'VEHICULOS'),
(757, '215-22-02-002-000-000', 'VESTUARIO, ACCESORIOS Y PRENDAS DIVERSAS'),
(758, '215-21-01-004-006-001', 'VIATICOS PARA CAPACITACION Y COMISIONES'),
(759, '215-21-02-004-006-001', 'VIATICOS PARA CAPACITACION Y COMISIONES DE SERVICIOS'),
(760, '215-21-01-004-007-001', 'VIATICOS PARA CAPACITACION Y COMISIONES DE SERVICIOS EN EL EXTERIOR'),
(761, '215-21-02-004-006-100', 'VIATICOS PERSONAL A CONTRATA C.A.A.'),
(762, '215-21-01-004-006-100', 'VIATICOS PERSONAL DE PLANTA C.A.A.'),
(763, '215-24-01-006-000-000', 'VOLUNTARIADO'),
(764, '215-24-01-006-002-000', 'VOLUNTARIADO SERVICIOS COMUNITARIOS'),
(765, '215-21-04-004-004-025', ''),
(766, '215-21-04-004-004-037', '');

-- --------------------------------------------------------

--
-- Estructura de tabla para la tabla `direccion`
--

CREATE TABLE `direccion` (
  `id_direccion` int(30) NOT NULL,
  `desc_direccion` varchar(100) NOT NULL,
  `codigo_direccion` varchar(10) NOT NULL
) ENGINE=InnoDB DEFAULT CHARSET=utf8mb4 COLLATE=utf8mb4_general_ci;

--
-- Volcado de datos para la tabla `direccion`
--

INSERT INTO `direccion` (`id_direccion`, `desc_direccion`, `codigo_direccion`) VALUES
(1, 'Alcaldia', 'ALC'),
(2, 'Gabinete de alcaldia', 'GAB'),
(3, 'Juzgado de policia local', 'JPL'),
(4, 'Secretaria municipal', 'SEM'),
(5, 'Administracion municipal', 'ADM'),
(6, 'Secretaria de planificacion comunal', 'SEC'),
(7, 'Direccion asesoria juridica', 'JUR'),
(8, 'Direccion de control', 'CON'),
(9, 'Direccion de administracion y finanzas', 'DAF'),
(10, 'Direccion de servicios informaticos', 'INF'),
(11, 'Direccion de desarrollo comunitario', 'DID'),
(12, 'Direccion de servicios de salud y educacion', 'DSM'),
(13, 'Direccion de servicios operativos generales', 'SOG'),
(14, 'Direccion de obras municipales', 'DOM'),
(15, 'Direccion de transito y transporte publico', 'TRA'),
(16, 'Direccion de gestion ambiental', 'DIGA'),
(17, 'Direccion de seguridad humana', 'SHU'),
(18, 'Direccion de la ninez', 'NIN'),
(19, 'Servicios de bienestar', 'SB'),
(22, 'No tiene', 'N/A');

-- --------------------------------------------------------

--
-- Estructura de tabla para la tabla `estado_ficha`
--

CREATE TABLE `estado_ficha` (
  `id_estado_ficha` int(11) NOT NULL,
  `desc_estado_ficha` varchar(15) NOT NULL
) ENGINE=InnoDB DEFAULT CHARSET=utf8mb4 COLLATE=utf8mb4_general_ci;

--
-- Volcado de datos para la tabla `estado_ficha`
--

INSERT INTO `estado_ficha` (`id_estado_ficha`, `desc_estado_ficha`) VALUES
(1, 'En Proceso'),
(2, 'Enviada'),
(3, 'Corregida'),
(4, 'Reenviada'),
(5, 'Aceptado'),
(6, 'Rechazado'),
(7, 'Aprobada');

-- --------------------------------------------------------

--
-- Estructura de tabla para la tabla `ficha_contratos`
--

CREATE TABLE `ficha_contratos` (
  `id_FC` int(255) NOT NULL,
  `nombre_FC` varchar(50) NOT NULL,
  `tipo_ficha_FC` int(11) NOT NULL,
  `fecha_FC` date NOT NULL,
  `direccion_mun_FC` int(30) NOT NULL,
  `descripcion_contrato_FC` varchar(1000) NOT NULL,
  `financiamiento_FC` int(20) NOT NULL,
  `aportes_externos_FC` int(20) NOT NULL,
  `total_FC` int(20) NOT NULL,
  `enero_FC` int(20) NOT NULL,
  `febrero_FC` int(20) NOT NULL,
  `marzo_FC` int(20) NOT NULL,
  `abril_FC` int(20) NOT NULL,
  `mayo_FC` int(20) NOT NULL,
  `junio_FC` int(20) NOT NULL,
  `julio_FC` int(20) NOT NULL,
  `agosto_FC` int(20) NOT NULL,
  `septiembre_FC` int(20) NOT NULL,
  `octubre_FC` int(20) NOT NULL,
  `noviembre_FC` int(20) NOT NULL,
  `diciembre_FC` int(20) NOT NULL,
  `total_FC_detalle_SA` int(20) NOT NULL,
  `enero_FC_CA` int(20) NOT NULL,
  `febrero_FC_CA` int(20) NOT NULL,
  `marzo_FC_CA` int(20) NOT NULL,
  `abril_FC_CA` int(20) NOT NULL,
  `mayo_FC_CA` int(20) NOT NULL,
  `junio_FC_CA` int(20) NOT NULL,
  `julio_FC_CA` int(20) NOT NULL,
  `agosto_FC_CA` int(20) NOT NULL,
  `septiembre_FC_CA` int(20) NOT NULL,
  `octubre_FC_CA` int(20) NOT NULL,
  `noviembre_FC_CA` int(20) NOT NULL,
  `diciembre_FC_CA` int(20) NOT NULL,
  `total_FC_CA` int(20) NOT NULL,
  `usuario_FC` int(3) NOT NULL,
  `estado_ficha_FC` int(11) NOT NULL,
  `gestion_FC` int(1) NOT NULL,
  `clasificador_FC` int(255) NOT NULL,
  `prioridad_FC` int(30) NOT NULL
) ENGINE=InnoDB DEFAULT CHARSET=utf8mb4 COLLATE=utf8mb4_general_ci COMMENT='tabla relacionada a la ficha Contratos';

--
-- Volcado de datos para la tabla `ficha_contratos`
--

INSERT INTO `ficha_contratos` (`id_FC`, `nombre_FC`, `tipo_ficha_FC`, `fecha_FC`, `direccion_mun_FC`, `descripcion_contrato_FC`, `financiamiento_FC`, `aportes_externos_FC`, `total_FC`, `enero_FC`, `febrero_FC`, `marzo_FC`, `abril_FC`, `mayo_FC`, `junio_FC`, `julio_FC`, `agosto_FC`, `septiembre_FC`, `octubre_FC`, `noviembre_FC`, `diciembre_FC`, `total_FC_detalle_SA`, `enero_FC_CA`, `febrero_FC_CA`, `marzo_FC_CA`, `abril_FC_CA`, `mayo_FC_CA`, `junio_FC_CA`, `julio_FC_CA`, `agosto_FC_CA`, `septiembre_FC_CA`, `octubre_FC_CA`, `noviembre_FC_CA`, `diciembre_FC_CA`, `total_FC_CA`, `usuario_FC`, `estado_ficha_FC`, `gestion_FC`, `clasificador_FC`, `prioridad_FC`) VALUES
(5, 'Prueba rechazo', 2, '2023-03-17', 9, 'sadsad', 11, 11, 22, 0, 0, 2, 0, 0, 0, 0, 0, 0, 0, 0, 0, 2, 0, 0, 0, 2, 0, 0, 0, 0, 0, 0, 0, 0, 2, 68, 3, 3, 2, 5),
(6, 'dsadsad', 2, '2023-03-17', 9, 'dsad', 22, 22, 44, 0, 0, 0, 0, 0, 22, 22, 0, 0, 0, 0, 0, 44, 0, 0, 0, 0, 0, 0, 0, 22, 22, 0, 0, 0, 44, 68, 6, 4, 14, 2),
(8, 'Prueba de contrato', 2, '2023-03-17', 9, 'dsad', 11, 11, 22, 0, 0, 0, 0, 0, 2, 0, 0, 0, 0, 0, 0, 2, 0, 0, 0, 0, 0, 22, 0, 0, 0, 0, 0, 0, 22, 68, 7, 2, 11, 5),
(13, 'ssdasd', 2, '2023-03-17', 9, 'dsadsa', 12, 23, 35, 0, 0, 0, 0, 0, 1, 0, 0, 0, 0, 0, 0, 1, 0, 0, 0, 0, 0, 0, 1, 0, 0, 0, 0, 0, 1, 68, 2, 4, 14, 5),
(20, 'Prueba', 2, '2023-03-23', 9, 'dsadsad', 10, 10, 20, 0, 0, 0, 0, 0, 0, 10, 0, 0, 0, 0, 0, 10, 0, 0, 0, 0, 0, 0, 10, 0, 10, 0, 0, 0, 20, 68, 2, 5, 15, 2);

-- --------------------------------------------------------

--
-- Estructura de tabla para la tabla `ficha_contratos_vigente`
--

CREATE TABLE `ficha_contratos_vigente` (
  `id_FC_vigente` int(255) NOT NULL,
  `id_FC_derv` int(255) NOT NULL,
  `fecha_FC_vige` date NOT NULL,
  `nombre_contratista_FC` varchar(30) NOT NULL,
  `fecha_inicio_FC_vigente` date NOT NULL,
  `fecha_term_FC_vigente` date NOT NULL,
  `monto_contratado_anter` int(30) NOT NULL,
  `clausula_reno_FC` varchar(1000) NOT NULL,
  `condiciones_ampli_FC` varchar(1000) NOT NULL,
  `tipo_reajuste_FC` varchar(40) NOT NULL,
  `justificacion_FC_continuidad` varchar(300) NOT NULL,
  `enero_FCV` int(20) NOT NULL,
  `febrero_FCV` int(20) NOT NULL,
  `marzo_FCV` int(20) NOT NULL,
  `abril_FCV` int(20) NOT NULL,
  `mayo_FCV` int(20) NOT NULL,
  `junio_FCV` int(20) NOT NULL,
  `julio_FCV` int(20) NOT NULL,
  `agosto_FCV` int(20) NOT NULL,
  `septiembre_FCV` int(20) NOT NULL,
  `octubre_FCV` int(20) NOT NULL,
  `noviembre_FCV` int(20) NOT NULL,
  `diciembre_FCV` int(20) NOT NULL,
  `total_FCV` int(20) NOT NULL
) ENGINE=InnoDB DEFAULT CHARSET=utf8mb4 COLLATE=utf8mb4_general_ci COMMENT='tabla relacionada a ficha_contratros, datos del contrato vig';

--
-- Volcado de datos para la tabla `ficha_contratos_vigente`
--

INSERT INTO `ficha_contratos_vigente` (`id_FC_vigente`, `id_FC_derv`, `fecha_FC_vige`, `nombre_contratista_FC`, `fecha_inicio_FC_vigente`, `fecha_term_FC_vigente`, `monto_contratado_anter`, `clausula_reno_FC`, `condiciones_ampli_FC`, `tipo_reajuste_FC`, `justificacion_FC_continuidad`, `enero_FCV`, `febrero_FCV`, `marzo_FCV`, `abril_FCV`, `mayo_FCV`, `junio_FCV`, `julio_FCV`, `agosto_FCV`, `septiembre_FCV`, `octubre_FCV`, `noviembre_FCV`, `diciembre_FCV`, `total_FCV`) VALUES
(8, 13, '2023-03-17', 'dasd', '2023-03-06', '2023-03-17', 100, 'dsadsd', 'sdsad', 'dsdsad', 'dsads', 0, 0, 0, 0, 0, 0, 0, 0, 0, 0, 0, 0, 0),
(9, 20, '2023-03-23', 'Prueba', '2022-05-11', '2023-03-22', 10, 'adsadsd', 'dasdsad', '33fsadsad', 'sadasda', 0, 0, 0, 0, 0, 0, 1111, 0, 0, 0, 0, 0, 1111);

-- --------------------------------------------------------

--
-- Estructura de tabla para la tabla `ficha_gastos_corrientes`
--

CREATE TABLE `ficha_gastos_corrientes` (
  `id_GC` int(255) NOT NULL,
  `nombre_GC` varchar(50) NOT NULL,
  `tipo_ficha_GC` int(30) NOT NULL,
  `fecha_GC` date NOT NULL,
  `direccion_mun_GC` int(30) NOT NULL,
  `justificacion_GC` varchar(1000) NOT NULL,
  `descripcion_gasto_GC` varchar(1000) NOT NULL,
  `financiamiento_sol_GC` int(20) NOT NULL,
  `GC_usuario` int(3) NOT NULL,
  `estado_ficha_GC` int(11) NOT NULL,
  `gestion_GC` int(1) NOT NULL,
  `clasificador_GC` int(255) NOT NULL,
  `prioridad_GC` int(30) NOT NULL
) ENGINE=InnoDB DEFAULT CHARSET=utf8mb4 COLLATE=utf8mb4_general_ci COMMENT='Tabla creada para guardar los datos de los formularios de GC';

--
-- Volcado de datos para la tabla `ficha_gastos_corrientes`
--

INSERT INTO `ficha_gastos_corrientes` (`id_GC`, `nombre_GC`, `tipo_ficha_GC`, `fecha_GC`, `direccion_mun_GC`, `justificacion_GC`, `descripcion_gasto_GC`, `financiamiento_sol_GC`, `GC_usuario`, `estado_ficha_GC`, `gestion_GC`, `clasificador_GC`, `prioridad_GC`) VALUES
(3, 'sdsadd', 1, '2023-03-15', 9, 'sadsad', 'dsadas', 22, 68, 3, 6, 10, 1),
(4, 'sfsfasd', 1, '2023-03-15', 9, 'sdasd', 'dasdas', 33, 68, 6, 4, 12, 7),
(7, 'Prueba de ingreso', 1, '2023-03-17', 9, 'ssadsad', 'dsdsasd', 100, 68, 7, 5, 9, 5),
(10, 'Prueba ', 1, '2023-03-17', 9, 'Prueba de ingreso de ficha  aaaaaaaaaaaaaaaaaaaaaaaaaaaaaaaaaaaaaaaaaaaaaaaaaaaaaaaaaaaaaaaaaaaaaaaaaaaaaaaaaaaaaaaaaaaaaaaaaaaaaaaaaaaaaaaaaaaaaaaaaaaaaaaa', 'sasad', 100, 68, 2, 7, 188, 7),
(11, 'Nombre', 1, '2023-03-17', 9, 'hfhh', 'hdfghdh', 100, 68, 7, 4, 15, 2),
(12, 'Nombre', 1, '2023-03-17', 9, 'dasdasd', 'dsadsad', 100, 68, 2, 4, 13, 5),
(17, 'ingreso de ficha', 1, '2023-03-18', 9, 'fsasdsd', 'dgsdgrg', 122, 68, 2, 3, 15, 5),
(19, 'sdffsf', 1, '2023-03-20', 9, 'fsasa', '111', 22, 68, 1, 4, 13, 5);

-- --------------------------------------------------------

--
-- Estructura de tabla para la tabla `ficha_gastos_detalle`
--

CREATE TABLE `ficha_gastos_detalle` (
  `id_detalle_GC` int(255) NOT NULL,
  `id_fichas_GC` int(255) NOT NULL,
  `descripcion_producto_GC` varchar(1000) NOT NULL,
  `unidades_GC` int(255) NOT NULL,
  `valor_GC` int(255) NOT NULL,
  `total_gasto_GC` int(255) NOT NULL,
  `enero_GC` int(30) NOT NULL,
  `febrero_GC` int(30) NOT NULL,
  `marzo_GC` int(30) NOT NULL,
  `abril_GC` int(30) NOT NULL,
  `mayo_GC` int(30) NOT NULL,
  `junio_GC` int(30) NOT NULL,
  `julio_GC` int(30) NOT NULL,
  `agosto_GC` int(30) NOT NULL,
  `septiembre_GC` int(30) NOT NULL,
  `octubre_GC` int(30) NOT NULL,
  `noviembre_GC` int(30) NOT NULL,
  `diciembre_GC` int(30) NOT NULL,
  `total_mensual_GC` int(30) NOT NULL
) ENGINE=InnoDB DEFAULT CHARSET=utf8mb4 COLLATE=utf8mb4_general_ci COMMENT='tabla con el detalle de los gastos de form de GC';

--
-- Volcado de datos para la tabla `ficha_gastos_detalle`
--

INSERT INTO `ficha_gastos_detalle` (`id_detalle_GC`, `id_fichas_GC`, `descripcion_producto_GC`, `unidades_GC`, `valor_GC`, `total_gasto_GC`, `enero_GC`, `febrero_GC`, `marzo_GC`, `abril_GC`, `mayo_GC`, `junio_GC`, `julio_GC`, `agosto_GC`, `septiembre_GC`, `octubre_GC`, `noviembre_GC`, `diciembre_GC`, `total_mensual_GC`) VALUES
(471, 3, '1', 1, 22, 22, 0, 22, 0, 0, 0, 0, 0, 0, 0, 0, 0, 0, 22),
(472, 4, '1', 1, 33, 33, 0, 33, 0, 0, 0, 0, 0, 0, 0, 0, 0, 0, 33),
(473, 7, '1', 1, 100, 100, 0, 0, 100, 0, 0, 0, 0, 0, 0, 0, 0, 0, 100),
(476, 10, '1', 1, 100, 100, 0, 0, 0, 100, 0, 0, 0, 0, 0, 0, 0, 0, 100),
(477, 11, '1', 1, 100, 100, 0, 0, 100, 0, 0, 0, 0, 0, 0, 0, 0, 0, 100),
(478, 12, '1', 1, 50, 50, 0, 0, 0, 0, 50, 0, 0, 0, 0, 0, 0, 0, 50),
(479, 12, '1', 1, 50, 50, 0, 0, 0, 0, 0, 0, 50, 0, 0, 0, 0, 0, 50),
(481, 17, '1', 1, 122, 122, 0, 122, 0, 0, 0, 0, 0, 0, 0, 0, 0, 0, 122);

-- --------------------------------------------------------

--
-- Estructura de tabla para la tabla `ficha_proyectos`
--

CREATE TABLE `ficha_proyectos` (
  `id_PY` int(255) NOT NULL,
  `nombre_ficha_PY` varchar(300) NOT NULL,
  `tipo_ficha_PY` int(11) NOT NULL,
  `fecha_PY` date NOT NULL,
  `direccion_PY` int(30) NOT NULL,
  `descripcion_PY` varchar(300) NOT NULL,
  `justificacion_PY` varchar(300) NOT NULL,
  `financiamiento_PY` int(30) NOT NULL,
  `aportes_externos_PY` int(30) NOT NULL,
  `total_PY` int(30) NOT NULL,
  `unidad_vecinal_PY` varchar(30) NOT NULL,
  `poblacion_PY` varchar(30) NOT NULL,
  `direccion_comuna_PY` varchar(30) NOT NULL,
  `propiedad_terreno_PY` varchar(30) NOT NULL,
  `plazo_ejecucion_PY` varchar(30) NOT NULL,
  `fecha_estima_inicio_PY` date NOT NULL,
  `fecha_estima_termi_PY` date NOT NULL,
  `procedimiento_PY` varchar(30) NOT NULL,
  `numero_benef_PY` int(10) NOT NULL,
  `inversionx_benefi_PY` int(30) NOT NULL,
  `costo_M2_construccion_PY` int(30) NOT NULL,
  `costo_anual_PY` int(30) NOT NULL,
  `usuario_PY` int(3) NOT NULL,
  `estado_ficha_PY` int(11) NOT NULL,
  `gestion_PY` int(1) NOT NULL,
  `clasificacion_PY` int(255) NOT NULL,
  `prioridad_PY` int(30) NOT NULL
) ENGINE=InnoDB DEFAULT CHARSET=utf8mb4 COLLATE=utf8mb4_general_ci COMMENT='tabla relacionada ficha_proyectos';

--
-- Volcado de datos para la tabla `ficha_proyectos`
--

INSERT INTO `ficha_proyectos` (`id_PY`, `nombre_ficha_PY`, `tipo_ficha_PY`, `fecha_PY`, `direccion_PY`, `descripcion_PY`, `justificacion_PY`, `financiamiento_PY`, `aportes_externos_PY`, `total_PY`, `unidad_vecinal_PY`, `poblacion_PY`, `direccion_comuna_PY`, `propiedad_terreno_PY`, `plazo_ejecucion_PY`, `fecha_estima_inicio_PY`, `fecha_estima_termi_PY`, `procedimiento_PY`, `numero_benef_PY`, `inversionx_benefi_PY`, `costo_M2_construccion_PY`, `costo_anual_PY`, `usuario_PY`, `estado_ficha_PY`, `gestion_PY`, `clasificacion_PY`, `prioridad_PY`) VALUES
(1, 'Prueba de ingreso completo', 3, '2023-03-15', 9, 'descripcion', 'justificacion', 10, 10, 20, 'Central', 'El Castillo', 'Los naranjos', 'Municipalidad', '6 meses', '2022-01-13', '2023-03-15', 'Contratacion Externa', 60, 122, 100, 12, 68, 6, 2, 121, 5),
(2, 'Prueba de rechazo', 3, '2023-03-15', 9, 'Descripcion', 'jugdasfsadaf', 11, 111, 122, 'dsadd', 'sdsad', 'dasdasd', 'dasdsad', 'sa222', '2023-03-07', '2023-03-24', 'Contratacion Externa', 2, 1, 1, 1, 68, 3, 2, 17, 5),
(9, 'Prueba', 3, '2023-03-17', 9, 'descripcion', 'sadda', 11, 11, 22, 'dsada', '44wrgrg', 'hthryjr', 'hdfbdfb', 'gerheh', '2023-03-05', '2023-03-17', 'Ejecucion Directa', 3, 111, 11, 11, 68, 7, 3, 13, 5);

-- --------------------------------------------------------

--
-- Estructura de tabla para la tabla `ficha_py_detalle_anual`
--

CREATE TABLE `ficha_py_detalle_anual` (
  `id_PY_detalle` int(255) NOT NULL,
  `id_PY_derivado` int(255) NOT NULL,
  `descripcion_gasto_PY` varchar(300) NOT NULL,
  `unidades_partida_PY` varchar(30) NOT NULL,
  `cantidad_PY_partida` int(20) NOT NULL,
  `precio_unit_PY` int(20) NOT NULL,
  `total_PY` int(20) NOT NULL,
  `enero_PY` int(20) NOT NULL,
  `febrero_PY` int(20) NOT NULL,
  `marzo_PY` int(20) NOT NULL,
  `abril_PY` int(20) NOT NULL,
  `mayo_PY` int(20) NOT NULL,
  `junio_PY` int(20) NOT NULL,
  `julio_PY` int(20) NOT NULL,
  `agosto_PY` int(20) NOT NULL,
  `septiembre_PY` int(20) NOT NULL,
  `octubre_PY` int(20) NOT NULL,
  `noviembre_PY` int(20) NOT NULL,
  `diciembre_PY` int(20) NOT NULL,
  `total_anual_PY` int(20) NOT NULL
) ENGINE=InnoDB DEFAULT CHARSET=utf8mb4 COLLATE=utf8mb4_general_ci;

--
-- Volcado de datos para la tabla `ficha_py_detalle_anual`
--

INSERT INTO `ficha_py_detalle_anual` (`id_PY_detalle`, `id_PY_derivado`, `descripcion_gasto_PY`, `unidades_partida_PY`, `cantidad_PY_partida`, `precio_unit_PY`, `total_PY`, `enero_PY`, `febrero_PY`, `marzo_PY`, `abril_PY`, `mayo_PY`, `junio_PY`, `julio_PY`, `agosto_PY`, `septiembre_PY`, `octubre_PY`, `noviembre_PY`, `diciembre_PY`, `total_anual_PY`) VALUES
(36, 1, 'Materiales', 'Concreto', 1, 10, 10, 0, 10, 0, 0, 0, 0, 0, 0, 0, 0, 0, 0, 10),
(37, 1, 'Tablas', 'unidades', 4, 1, 4, 0, 4, 0, 0, 0, 0, 0, 0, 0, 0, 0, 0, 4),
(38, 1, 'pernos', 'unidades', 6, 1, 6, 0, 6, 0, 0, 0, 0, 0, 0, 0, 0, 0, 0, 6),
(39, 2, 'dsdsa', '11', 1, 122, 122, 0, 122, 0, 0, 0, 0, 0, 0, 0, 0, 0, 0, 122),
(40, 9, '1', '1', 1, 22, 22, 0, 11, 0, 0, 11, 0, 0, 0, 0, 0, 0, 0, 22);

-- --------------------------------------------------------

--
-- Estructura de tabla para la tabla `prioridad`
--

CREATE TABLE `prioridad` (
  `id_prioridad` int(30) NOT NULL,
  `prioridades` varchar(100) NOT NULL
) ENGINE=InnoDB DEFAULT CHARSET=utf8mb4 COLLATE=utf8mb4_general_ci;

--
-- Volcado de datos para la tabla `prioridad`
--

INSERT INTO `prioridad` (`id_prioridad`, `prioridades`) VALUES
(1, 'Alta'),
(2, 'Critico'),
(5, 'Baja'),
(7, 'Media');

-- --------------------------------------------------------

--
-- Estructura de tabla para la tabla `tipo_ficha`
--

CREATE TABLE `tipo_ficha` (
  `id_tipo_ficha` int(11) NOT NULL,
  `desc_tipo_ficha` varchar(45) NOT NULL,
  `codigo_tipo_ficha` varchar(50) NOT NULL,
  `estado` varchar(20) NOT NULL
) ENGINE=InnoDB DEFAULT CHARSET=utf8mb4 COLLATE=utf8mb4_general_ci;

--
-- Volcado de datos para la tabla `tipo_ficha`
--

INSERT INTO `tipo_ficha` (`id_tipo_ficha`, `desc_tipo_ficha`, `codigo_tipo_ficha`, `estado`) VALUES
(1, 'Gastos corrientes', 'ficha_gastos_corrientes', 'habilitado'),
(2, 'Contratos', 'ficha_contratos', 'habilitado'),
(3, 'Proyectos de inversion', 'ficha_proyectos_inversion', 'habilitado'),
(4, 'Programas sociales', 'ficha_programas_sociales', 'deshabilitado'),
(5, 'Actividades municipales', 'ficha_actividades_municipales', 'habilitado'),
(6, 'Servicios comunitarios', 'ficha_servicios_comunitarios', 'habilitado'),
(7, 'Estudios', 'ficha_estudios', 'habilitado'),
(8, 'Transferencias, subvenciones o convenios', 'ficha_trans_sub_convenios', 'habilitado'),
(9, 'Programas asistenciales', 'ficha_programas_asistenciales', 'habilitado'),
(11, 'Presupuestario', 'ficha_presupuestario_vigente', 'habilitado');

-- --------------------------------------------------------

--
-- Estructura de tabla para la tabla `tipo_usuario`
--

CREATE TABLE `tipo_usuario` (
  `id_tipo_usuario` int(3) NOT NULL,
  `descripcion` varchar(50) NOT NULL
) ENGINE=InnoDB DEFAULT CHARSET=utf8mb4 COLLATE=utf8mb4_general_ci;

--
-- Volcado de datos para la tabla `tipo_usuario`
--

INSERT INTO `tipo_usuario` (`id_tipo_usuario`, `descripcion`) VALUES
(1, 'Administrador'),
(2, 'SECPLA'),
(3, 'Usuario');

-- --------------------------------------------------------

--
-- Estructura de tabla para la tabla `usuario`
--

CREATE TABLE `usuario` (
  `id` int(3) NOT NULL,
  `usuario` varchar(50) NOT NULL,
  `clave` varchar(20) NOT NULL,
  `nombre` varchar(50) NOT NULL,
  `apellido` varchar(50) NOT NULL,
  `correo` varchar(100) NOT NULL,
  `id_tipo_usuario` int(3) NOT NULL,
  `id_direccion` int(3) DEFAULT NULL
) ENGINE=InnoDB DEFAULT CHARSET=utf8mb4 COLLATE=utf8mb4_general_ci;

--
-- Volcado de datos para la tabla `usuario`
--

INSERT INTO `usuario` (`id`, `usuario`, `clave`, `nombre`, `apellido`, `correo`, `id_tipo_usuario`, `id_direccion`) VALUES
(65, 'administrador', '123456', 'Admi', 'Ramirez', 'alhe.200@hotiam.cl', 1, 15),
(67, 'alexis', '123456', 'alexis', 'ramirez', 'alhe.2008@hotmail.com', 2, 7),
(68, 'usuario', '123456', 'Luisss', 'Ramirez', 'alhe.2000@hotmail.com', 3, 9);

--
-- Índices para tablas volcadas
--

--
-- Indices de la tabla `areas_gestion`
--
ALTER TABLE `areas_gestion`
  ADD PRIMARY KEY (`id_area_gestion`);

--
-- Indices de la tabla `clasificador_presupuestario`
--
ALTER TABLE `clasificador_presupuestario`
  ADD PRIMARY KEY (`id_cla_presupuestario`);

--
-- Indices de la tabla `direccion`
--
ALTER TABLE `direccion`
  ADD PRIMARY KEY (`id_direccion`);

--
-- Indices de la tabla `estado_ficha`
--
ALTER TABLE `estado_ficha`
  ADD PRIMARY KEY (`id_estado_ficha`);

--
-- Indices de la tabla `ficha_contratos`
--
ALTER TABLE `ficha_contratos`
  ADD PRIMARY KEY (`id_FC`),
  ADD KEY `FK_tficha` (`tipo_ficha_FC`),
  ADD KEY `FK_Cdireccion` (`direccion_mun_FC`),
  ADD KEY `FK_usuario_FC` (`usuario_FC`),
  ADD KEY `FK_C_prioridad` (`prioridad_FC`),
  ADD KEY `FK_C_estado` (`estado_ficha_FC`);

--
-- Indices de la tabla `ficha_contratos_vigente`
--
ALTER TABLE `ficha_contratos_vigente`
  ADD PRIMARY KEY (`id_FC_vigente`),
  ADD KEY `FK_FCVigentes` (`id_FC_derv`);

--
-- Indices de la tabla `ficha_gastos_corrientes`
--
ALTER TABLE `ficha_gastos_corrientes`
  ADD PRIMARY KEY (`id_GC`),
  ADD KEY `tipo_ficha_GC` (`tipo_ficha_GC`),
  ADD KEY `direccion_mun_GC` (`direccion_mun_GC`),
  ADD KEY `GC_usuario` (`GC_usuario`),
  ADD KEY `prioridad_GC` (`prioridad_GC`),
  ADD KEY `justificacion_GC` (`justificacion_GC`(768)),
  ADD KEY `FK_GCestado` (`estado_ficha_GC`);

--
-- Indices de la tabla `ficha_gastos_detalle`
--
ALTER TABLE `ficha_gastos_detalle`
  ADD PRIMARY KEY (`id_detalle_GC`),
  ADD KEY `FK_FGC_ID` (`id_fichas_GC`);

--
-- Indices de la tabla `ficha_proyectos`
--
ALTER TABLE `ficha_proyectos`
  ADD PRIMARY KEY (`id_PY`),
  ADD KEY `FK_PYficha` (`tipo_ficha_PY`),
  ADD KEY `FK_PY_direccion` (`direccion_PY`),
  ADD KEY `FK_PYusuario` (`usuario_PY`),
  ADD KEY `FK_PYestado` (`estado_ficha_PY`),
  ADD KEY `FK_PYprioridad` (`prioridad_PY`);

--
-- Indices de la tabla `ficha_py_detalle_anual`
--
ALTER TABLE `ficha_py_detalle_anual`
  ADD PRIMARY KEY (`id_PY_detalle`),
  ADD KEY `FK_PYderivado_proyec` (`id_PY_derivado`);

--
-- Indices de la tabla `prioridad`
--
ALTER TABLE `prioridad`
  ADD PRIMARY KEY (`id_prioridad`);

--
-- Indices de la tabla `tipo_ficha`
--
ALTER TABLE `tipo_ficha`
  ADD PRIMARY KEY (`id_tipo_ficha`);

--
-- Indices de la tabla `tipo_usuario`
--
ALTER TABLE `tipo_usuario`
  ADD PRIMARY KEY (`id_tipo_usuario`);

--
-- Indices de la tabla `usuario`
--
ALTER TABLE `usuario`
  ADD PRIMARY KEY (`id`),
  ADD KEY `usu_tiusu` (`id_tipo_usuario`),
  ADD KEY `usu_direc` (`id_direccion`);

--
-- AUTO_INCREMENT de las tablas volcadas
--

--
-- AUTO_INCREMENT de la tabla `areas_gestion`
--
ALTER TABLE `areas_gestion`
  MODIFY `id_area_gestion` int(1) NOT NULL AUTO_INCREMENT, AUTO_INCREMENT=8;

--
-- AUTO_INCREMENT de la tabla `direccion`
--
ALTER TABLE `direccion`
  MODIFY `id_direccion` int(30) NOT NULL AUTO_INCREMENT, AUTO_INCREMENT=28;

--
-- AUTO_INCREMENT de la tabla `estado_ficha`
--
ALTER TABLE `estado_ficha`
  MODIFY `id_estado_ficha` int(11) NOT NULL AUTO_INCREMENT, AUTO_INCREMENT=8;

--
-- AUTO_INCREMENT de la tabla `ficha_contratos_vigente`
--
ALTER TABLE `ficha_contratos_vigente`
  MODIFY `id_FC_vigente` int(255) NOT NULL AUTO_INCREMENT, AUTO_INCREMENT=10;

--
-- AUTO_INCREMENT de la tabla `ficha_gastos_detalle`
--
ALTER TABLE `ficha_gastos_detalle`
  MODIFY `id_detalle_GC` int(255) NOT NULL AUTO_INCREMENT, AUTO_INCREMENT=484;

--
-- AUTO_INCREMENT de la tabla `ficha_py_detalle_anual`
--
ALTER TABLE `ficha_py_detalle_anual`
  MODIFY `id_PY_detalle` int(255) NOT NULL AUTO_INCREMENT, AUTO_INCREMENT=42;

--
-- AUTO_INCREMENT de la tabla `prioridad`
--
ALTER TABLE `prioridad`
  MODIFY `id_prioridad` int(30) NOT NULL AUTO_INCREMENT, AUTO_INCREMENT=9;

--
-- AUTO_INCREMENT de la tabla `tipo_ficha`
--
ALTER TABLE `tipo_ficha`
  MODIFY `id_tipo_ficha` int(11) NOT NULL AUTO_INCREMENT, AUTO_INCREMENT=13;

--
-- AUTO_INCREMENT de la tabla `tipo_usuario`
--
ALTER TABLE `tipo_usuario`
  MODIFY `id_tipo_usuario` int(3) NOT NULL AUTO_INCREMENT, AUTO_INCREMENT=5;

--
-- AUTO_INCREMENT de la tabla `usuario`
--
ALTER TABLE `usuario`
  MODIFY `id` int(3) NOT NULL AUTO_INCREMENT, AUTO_INCREMENT=80;

--
-- Restricciones para tablas volcadas
--

--
-- Filtros para la tabla `ficha_contratos`
--
ALTER TABLE `ficha_contratos`
  ADD CONSTRAINT `FK_C_estado` FOREIGN KEY (`estado_ficha_FC`) REFERENCES `estado_ficha` (`id_estado_ficha`),
  ADD CONSTRAINT `FK_C_prioridad` FOREIGN KEY (`prioridad_FC`) REFERENCES `prioridad` (`id_prioridad`),
  ADD CONSTRAINT `FK_Cdireccion` FOREIGN KEY (`direccion_mun_FC`) REFERENCES `direccion` (`id_direccion`),
  ADD CONSTRAINT `FK_tficha` FOREIGN KEY (`tipo_ficha_FC`) REFERENCES `tipo_ficha` (`id_tipo_ficha`),
  ADD CONSTRAINT `FK_usuario_FC` FOREIGN KEY (`usuario_FC`) REFERENCES `usuario` (`id`);

--
-- Filtros para la tabla `ficha_contratos_vigente`
--
ALTER TABLE `ficha_contratos_vigente`
  ADD CONSTRAINT `FK_FCVigentes` FOREIGN KEY (`id_FC_derv`) REFERENCES `ficha_contratos` (`id_FC`);

--
-- Filtros para la tabla `ficha_gastos_corrientes`
--
ALTER TABLE `ficha_gastos_corrientes`
  ADD CONSTRAINT `FK_Ficha_GC` FOREIGN KEY (`direccion_mun_GC`) REFERENCES `direccion` (`id_direccion`),
  ADD CONSTRAINT `FK_GCestado` FOREIGN KEY (`estado_ficha_GC`) REFERENCES `estado_ficha` (`id_estado_ficha`),
  ADD CONSTRAINT `FK_Prioridad_GC` FOREIGN KEY (`prioridad_GC`) REFERENCES `prioridad` (`id_prioridad`),
  ADD CONSTRAINT `FK_Usuario` FOREIGN KEY (`GC_usuario`) REFERENCES `usuario` (`id`),
  ADD CONSTRAINT `ficha_gastos_corrientes_ibfk_1` FOREIGN KEY (`tipo_ficha_GC`) REFERENCES `tipo_ficha` (`id_tipo_ficha`);

--
-- Filtros para la tabla `ficha_gastos_detalle`
--
ALTER TABLE `ficha_gastos_detalle`
  ADD CONSTRAINT `FK_FGC_ID` FOREIGN KEY (`id_fichas_GC`) REFERENCES `ficha_gastos_corrientes` (`id_GC`),
  ADD CONSTRAINT `ficha_gastos_detalle_ibfk_1` FOREIGN KEY (`id_fichas_GC`) REFERENCES `ficha_gastos_corrientes` (`id_GC`);

--
-- Filtros para la tabla `ficha_proyectos`
--
ALTER TABLE `ficha_proyectos`
  ADD CONSTRAINT `FK_PY_direccion` FOREIGN KEY (`direccion_PY`) REFERENCES `direccion` (`id_direccion`),
  ADD CONSTRAINT `FK_PYestado` FOREIGN KEY (`estado_ficha_PY`) REFERENCES `estado_ficha` (`id_estado_ficha`),
  ADD CONSTRAINT `FK_PYficha` FOREIGN KEY (`tipo_ficha_PY`) REFERENCES `tipo_ficha` (`id_tipo_ficha`),
  ADD CONSTRAINT `FK_PYprioridad` FOREIGN KEY (`prioridad_PY`) REFERENCES `prioridad` (`id_prioridad`),
  ADD CONSTRAINT `FK_PYusuario` FOREIGN KEY (`usuario_PY`) REFERENCES `usuario` (`id`);

--
-- Filtros para la tabla `ficha_py_detalle_anual`
--
ALTER TABLE `ficha_py_detalle_anual`
  ADD CONSTRAINT `FK_PYderivado_proyec` FOREIGN KEY (`id_PY_derivado`) REFERENCES `ficha_proyectos` (`id_PY`);

--
-- Filtros para la tabla `usuario`
--
ALTER TABLE `usuario`
  ADD CONSTRAINT `usu_direc` FOREIGN KEY (`id_direccion`) REFERENCES `direccion` (`id_direccion`) ON DELETE CASCADE ON UPDATE CASCADE,
  ADD CONSTRAINT `usu_tiusu` FOREIGN KEY (`id_tipo_usuario`) REFERENCES `tipo_usuario` (`id_tipo_usuario`) ON DELETE CASCADE ON UPDATE CASCADE;
COMMIT;

/*!40101 SET CHARACTER_SET_CLIENT=@OLD_CHARACTER_SET_CLIENT */;
/*!40101 SET CHARACTER_SET_RESULTS=@OLD_CHARACTER_SET_RESULTS */;
/*!40101 SET COLLATION_CONNECTION=@OLD_COLLATION_CONNECTION */;
